index,mileage_per_year,age,price,sold,predicted,correct
7279,18990,12,108665.7,1,1,1
439,17981,21,27716.48,1,1,1
739,10685,16,82130.68,0,0,1
1220,9875,16,58874.6,0,1,0
3017,18844,22,28801.63,1,1,1
6097,14564,18,28396.93,1,1,1
6349,28874,14,81825.34,0,0,1
202,6496,14,50061.13,1,1,1
6783,24170,24,47444.54,0,1,0
8726,14470,15,59207.55,1,1,1
3112,14052,8,77657.6,0,0,1
3689,10266,18,61493.01,1,1,1
8548,14999,11,76547.79,0,0,1
2412,9658,20,29294.59,1,1,1
2858,18919,20,52436.45,1,1,1
3612,14860,18,46788.77,1,1,1
6824,22726,19,67595.17,0,0,1
4167,10425,18,92233.63,1,0,0
3431,21072,18,71870.03,0,0,1
913,10623,24,78917.4,1,0,0
2480,11951,20,55589.86,0,1,0
1199,12351,17,58313.49,1,1,1
6202,14063,20,113795.94,1,1,1
6218,12746,19,39696.87,1,1,1
4904,5828,23,59458.56,0,1,0
6649,9200,8,109126.38,1,1,1
2272,9717,17,99827.31,0,0,1
6044,10852,24,47913.33,1,1,1
9739,20455,21,74546.64,0,0,1
6582,9856,19,84016.36,0,0,1
4355,9713,15,56035.94,1,1,1
1965,15084,19,33336.11,1,1,1
8049,7595,10,57112.0,0,1,0
685,8052,21,76746.96,0,0,1
8108,23800,18,45049.25,1,1,1
4123,9815,22,76073.13,0,0,1
2663,8923,23,53676.33,1,1,1
8232,16609,21,40363.11,0,1,0
6051,6308,20,99011.39,0,0,1
2329,17528,21,36718.62,1,1,1
8919,11352,6,45593.6,1,1,1
9486,17597,22,96286.66,0,0,1
2546,17142,22,88544.3,0,0,1
555,13338,21,34201.64,1,1,1
8645,10096,21,64692.1,0,0,1
3778,20278,22,42128.83,1,1,1
7021,8654,24,27283.31,1,1,1
2153,11812,16,68574.06,1,0,0
6307,15182,20,82199.43,0,0,1
9644,14322,23,43374.54,1,1,1
2386,8582,22,89508.16,1,0,0
5625,13867,20,56782.02,1,1,1
8555,17813,16,24570.34,1,1,1
5839,10601,23,76547.04,1,0,0
7759,10986,17,70132.95,1,0,0
411,13558,24,52238.42,1,1,1
6128,13745,13,107761.01,1,1,1
1263,16441,19,84985.22,0,0,1
5526,8575,22,94629.34,0,0,1
866,9663,23,44224.36,1,1,1
6774,27383,24,67309.7,1,0,0
5083,26541,17,74371.15,0,0,1
2867,11825,24,76326.47,1,0,0
8870,11215,16,93173.91,1,0,0
8584,21319,20,105251.05,1,1,1
2994,8474,24,76985.74,0,0,1
7707,19984,24,42185.34,1,1,1
4398,16080,15,94156.75,0,0,1
5432,12500,24,27796.72,1,1,1
2898,20982,21,23647.93,1,1,1
748,11012,11,83396.53,0,0,1
5000,8681,15,42170.42,0,1,0
5752,7750,24,27412.47,1,1,1
7415,10180,14,105347.37,1,1,1
5240,16895,17,65542.05,0,0,1
5220,12443,13,57992.3,1,1,1
7916,9818,24,69485.88,1,0,0
696,15881,19,25479.97,1,1,1
7477,12744,15,78431.07,1,0,0
6687,19921,18,82891.35,0,0,1
8346,9216,21,85096.92,0,0,1
263,14259,12,105677.42,1,1,1
2108,20129,22,66698.77,0,0,1
6622,13931,15,62631.7,1,0,0
5244,9473,20,30611.21,1,1,1
182,12000,22,42653.18,1,1,1
6538,19517,17,47440.12,1,1,1
9155,24330,20,36459.11,1,1,1
1506,22786,16,87896.31,0,0,1
2032,13774,16,76602.2,0,0,1
1723,10642,8,93074.13,1,0,0
4585,14562,23,47154.66,1,1,1
8780,17528,17,76409.8,0,0,1
1793,11000,22,31990.11,1,1,1
6017,12439,21,33809.98,1,1,1
2346,13825,18,58957.62,0,1,0
4084,9381,20,69965.47,1,0,0
6205,12696,23,52228.07,1,1,1
6396,11914,17,89285.24,1,0,0
8935,11073,13,113364.43,1,1,1
5078,17974,15,57738.14,1,1,1
3006,26882,19,87782.92,0,0,1
7059,9734,22,96539.94,0,0,1
920,5888,15,95932.04,0,0,1
6558,12048,24,31862.72,1,1,1
319,18904,20,58795.57,1,1,1
1717,12162,24,17236.79,1,1,1
1132,14853,22,33498.54,1,1,1
5554,9910,23,22312.07,1,1,1
6009,13489,12,90850.63,1,0,0
2839,13305,24,49773.3,0,1,0
6685,8493,9,110254.31,0,1,0
8984,17158,24,102766.95,0,0,1
7595,7186,17,80688.45,0,0,1
6620,9592,12,100070.05,1,0,0
6682,10167,12,45875.99,1,1,1
6674,10334,17,96236.86,0,0,1
207,8379,20,15305.7,1,1,1
178,18648,23,53868.23,1,1,1
663,17064,17,25477.08,1,1,1
8927,22474,17,84181.95,0,0,1
3576,20611,18,80828.12,0,0,1
2254,19752,22,79294.64,0,0,1
3607,22356,7,97545.49,0,0,1
2889,14680,21,91863.15,0,0,1
2364,7162,13,32790.04,1,1,1
4852,13976,13,66280.12,0,0,1
7959,14612,10,101752.03,1,0,0
41,14363,19,57463.74,0,1,0
183,8840,18,98138.6,0,0,1
5195,22044,14,93146.01,0,0,1
4341,18960,22,91194.58,0,0,1
2176,15079,20,31094.21,1,1,1
5293,21085,22,61670.14,0,0,1
1629,8815,18,51705.59,1,1,1
8019,15524,12,94676.46,0,0,1
3644,21966,19,46402.31,0,1,0
5783,15384,22,23983.34,1,1,1
8321,6247,21,74740.98,0,0,1
6228,18462,16,89266.99,0,0,1
9509,15214,21,83107.07,0,0,1
7773,17865,7,37267.21,1,1,1
1489,14406,12,69662.91,1,0,0
8073,22857,14,100800.97,0,0,1
7931,20071,21,71196.56,0,0,1
1124,5392,18,53310.17,1,1,1
5698,16280,14,42919.11,1,1,1
1226,7654,23,33463.5,1,1,1
9849,17339,23,37168.99,1,1,1
6524,13241,20,26703.07,1,1,1
3702,15220,24,98845.63,0,0,1
4816,15988,24,15243.53,1,1,1
2473,23353,13,103203.65,0,0,1
7501,14467,14,93139.0,0,0,1
5730,10383,17,32078.07,1,1,1
8095,7583,21,31749.69,1,1,1
3167,13957,19,31491.33,1,1,1
932,9435,22,93855.84,1,0,0
9424,18685,24,43237.27,1,1,1
3473,11602,19,113836.67,1,1,1
1505,11528,19,34617.19,1,1,1
1415,9006,20,69037.15,0,0,1
1923,7352,16,47074.09,0,1,0
4209,13684,22,44177.65,1,1,1
9144,10402,19,66734.87,0,0,1
8337,15462,14,45640.49,1,1,1
4135,7195,15,31394.73,1,1,1
4795,20441,10,83220.74,0,0,1
8940,14135,7,76769.9,1,0,0
8412,19666,21,56841.47,1,1,1
3796,14453,19,30168.42,1,1,1
4146,20585,23,24934.16,1,1,1
9239,19839,22,36678.46,1,1,1
8724,10991,10,99455.13,1,0,0
2290,13360,12,88055.06,1,0,0
6605,12652,15,98361.32,0,0,1
7600,18352,20,60662.73,0,0,1
552,19222,20,21990.03,1,1,1
9587,10564,21,70557.08,1,0,0
4025,6867,14,71650.26,0,0,1
2859,17062,15,65083.74,0,0,1
2931,15609,7,95571.21,0,0,1
9848,19565,15,82265.89,0,0,1
5202,15177,22,84904.36,0,0,1
9229,16462,15,43818.77,1,1,1
902,12550,21,63034.22,1,0,0
7061,10662,17,79467.68,0,0,1
5146,18782,19,84745.6,0,0,1
7413,10938,18,35486.2,1,1,1
6623,16835,19,49693.56,0,1,0
9956,13872,18,29316.76,1,1,1
8257,11745,21,53956.34,1,1,1
4947,23932,22,32461.58,1,1,1
5600,17216,21,59209.58,1,1,1
6556,13290,24,48649.71,1,1,1
3126,18712,22,71391.89,0,0,1
8554,16420,19,111470.66,0,1,0
4505,8020,18,94837.31,1,0,0
7145,21224,17,44432.89,1,1,1
9729,10487,20,28788.14,1,1,1
89,15844,23,82495.58,0,0,1
8269,7899,7,101104.96,1,1,1
1541,20936,7,112833.53,1,1,1
4129,24348,23,18505.85,1,1,1
2752,13272,11,76491.69,1,0,0
5967,9508,22,50949.03,1,1,1
6293,15247,22,31899.95,1,1,1
4792,14643,15,64736.68,1,0,0
3485,7621,19,35715.31,1,1,1
1836,10474,22,65968.01,0,0,1
7608,11188,19,61094.55,0,1,0
5677,9899,20,63521.2,1,1,1
9944,10990,22,35091.06,1,1,1
5590,13398,15,77306.03,0,0,1
9785,8060,14,91491.66,0,0,1
6746,20907,22,49452.57,1,1,1
1854,15381,23,47053.14,1,1,1
4163,15787,12,33283.4,1,1,1
3902,18486,14,67845.45,0,0,1
5054,16262,18,98750.76,0,0,1
8807,13611,11,96549.15,0,0,1
5815,8610,12,74276.87,0,0,1
1069,17767,23,41760.71,1,1,1
4900,11760,20,65969.83,0,0,1
4574,12689,21,56178.79,1,1,1
50,16932,9,107433.92,0,1,0
3692,9442,19,87744.68,0,0,1
6086,10597,23,95893.65,0,0,1
6592,15959,7,51519.88,1,1,1
8467,6910,15,42611.34,0,1,0
2344,9711,21,113395.48,1,1,1
6764,14467,7,67006.39,0,0,1
1644,15327,9,110902.33,1,1,1
7420,9892,13,88071.51,0,0,1
4537,15622,16,90556.27,0,0,1
4262,12307,22,47998.62,0,1,0
761,18711,12,74128.76,1,0,0
4055,9022,24,11689.9,1,1,1
785,11013,24,91780.26,0,0,1
5985,14923,18,36731.6,1,1,1
884,9826,24,27282.65,1,1,1
5177,9581,16,78606.54,1,0,0
6201,18749,21,13574.33,1,1,1
1238,10142,12,68520.96,1,0,0
3520,17248,24,73839.72,0,0,1
7112,9646,22,86874.18,1,0,0
9188,17920,15,69459.64,0,0,1
2893,11661,17,89934.9,0,0,1
8686,21236,16,37042.17,1,1,1
3048,13635,15,89408.66,0,0,1
2727,7360,15,89632.24,0,0,1
2392,6047,24,107124.35,0,1,0
2179,12181,22,68343.93,0,0,1
1798,11829,23,89488.25,1,0,0
4451,9952,24,40747.33,1,1,1
2209,22922,14,84951.05,0,0,1
2463,20497,22,87378.83,1,0,0
4964,10069,24,32632.88,1,1,1
7613,12056,16,67237.3,1,0,0
2712,20621,11,85020.98,0,0,1
4002,9436,24,74304.16,1,0,0
6062,21381,22,67063.22,0,0,1
8755,12523,20,70856.29,0,0,1
5490,10884,14,91836.46,0,0,1
8714,12545,24,78334.72,0,0,1
1578,12687,21,97892.15,1,0,0
4663,15235,16,34970.63,1,1,1
3198,8182,21,22682.27,1,1,1
83,17380,23,90378.63,0,0,1
7767,11479,19,88719.42,1,0,0
1573,9967,22,18483.25,1,1,1
1504,18237,18,36282.56,1,1,1
6635,9695,15,95794.83,0,0,1
625,15890,14,95856.58,1,0,0
4190,10646,24,38196.45,1,1,1
8255,13408,18,76087.48,1,0,0
7291,11016,19,56539.51,1,1,1
2884,14935,13,107414.65,1,1,1
4180,18009,11,46618.9,1,1,1
7348,22115,21,29295.39,1,1,1
324,16680,9,87249.72,0,0,1
2314,8273,12,44941.21,1,1,1
839,19809,20,42491.27,1,1,1
8803,20014,21,33006.8,1,1,1
5366,9744,16,101959.21,1,1,1
7205,9124,20,78248.03,0,0,1
3583,20375,15,78266.52,0,0,1
1850,21508,16,24378.78,1,1,1
7429,10402,22,84599.76,0,0,1
7152,11316,15,97340.13,1,0,0
8261,8876,9,57832.84,0,1,0
1827,13610,22,20077.84,1,1,1
7816,8435,17,86963.82,0,0,1
7386,18760,9,47555.38,1,1,1
2443,10599,22,61055.04,0,1,0
430,13795,24,46315.44,0,1,0
4053,11754,15,103587.64,0,1,0
6769,17730,14,87588.22,0,0,1
9602,15702,23,58470.99,1,1,1
8182,9499,11,77344.72,1,0,0
8241,8266,14,112641.34,0,1,0
7422,17467,22,48389.02,1,1,1
9615,11310,13,26760.85,1,1,1
5241,18548,20,68953.87,0,0,1
2855,19798,12,74647.78,0,0,1
517,13175,22,52835.52,1,1,1
3582,6728,17,87613.9,0,0,1
6003,11089,23,50129.74,1,1,1
5348,21281,21,38881.76,1,1,1
7043,23946,18,23058.04,1,1,1
2970,19462,16,48025.37,1,1,1
8773,11905,17,29925.33,1,1,1
2415,11699,12,75019.27,1,0,0
9716,14212,23,98584.56,1,0,0
7535,10730,15,70261.31,0,0,1
3240,11178,8,101541.78,1,0,0
9363,19563,19,33468.46,1,1,1
9946,19654,24,107113.7,1,1,1
7248,9347,11,63075.47,1,1,1
4873,10343,24,78652.51,1,0,0
7007,12150,15,55702.11,1,1,1
3410,24915,24,53098.77,0,1,0
5436,12993,23,33230.63,1,1,1
6225,16795,9,112936.24,0,1,0
5407,13521,18,38211.68,1,1,1
8571,8141,20,70756.25,1,0,0
8310,6749,24,37468.84,1,1,1
6468,12629,10,64401.11,0,0,1
7010,8663,18,68875.3,0,0,1
457,12447,20,85981.58,1,0,0
2496,13429,23,22267.05,1,1,1
479,7855,10,88674.81,0,0,1
2455,7299,6,47434.76,1,1,1
7626,13538,18,61221.4,0,1,0
2469,9054,21,87402.95,0,0,1
9261,15367,17,34693.1,1,1,1
9357,21631,22,48490.33,1,1,1
8428,12105,12,95322.47,0,0,1
7136,20033,20,23760.41,1,1,1
4798,10466,24,76841.74,0,0,1
912,22475,16,83687.69,0,0,1
610,14230,19,78238.12,1,0,0
3775,9543,15,96464.53,1,0,0
4221,8199,14,64724.65,0,1,0
4219,16539,24,25555.17,1,1,1
5455,16170,18,77796.57,0,0,1
2460,21021,20,85744.0,0,0,1
5118,17887,19,86769.56,0,0,1
6430,19068,22,38631.23,1,1,1
557,20543,21,29576.99,1,1,1
3097,9444,11,101233.91,1,1,1
8607,11246,20,91076.01,1,0,0
2671,18839,17,56571.12,1,1,1
5541,13486,17,109722.11,1,1,1
9906,8486,23,28415.28,1,1,1
1070,6050,13,75099.59,0,0,1
136,11484,16,58005.41,1,1,1
5940,9438,15,82642.18,1,0,0
3292,12090,17,61722.08,1,1,1
6720,14645,20,69597.62,0,0,1
7355,8850,13,38693.32,1,1,1
4443,15535,22,58383.18,0,1,0
880,6674,23,98997.7,0,0,1
3972,17024,20,81896.3,0,0,1
468,12756,14,104052.72,1,1,1
6816,18525,10,55667.76,0,1,0
3319,26711,13,44236.09,1,1,1
4304,23867,21,32773.81,1,1,1
7369,6556,7,49240.24,1,1,1
5399,23540,17,93252.22,0,0,1
529,15392,12,29643.29,1,1,1
8880,12036,9,86217.44,1,0,0
9429,15662,17,104557.33,1,1,1
956,24393,18,51777.6,1,1,1
3458,15019,11,56964.78,1,1,1
3589,8392,20,90338.24,1,0,0
2486,7458,21,98153.8,1,0,0
9655,8817,18,110508.52,1,1,1
773,7153,18,50261.76,1,1,1
6503,9871,17,32484.58,1,1,1
3481,6794,17,67404.3,1,0,0
4076,26731,7,101046.85,1,0,0
3911,9925,20,73005.08,1,0,0
6064,18724,20,85490.62,0,0,1
7956,21943,22,106053.77,0,1,0
5063,7635,23,72858.0,1,0,0
9477,9190,16,114763.39,0,1,0
3201,28122,15,92833.77,0,0,1
8977,9236,16,29849.24,1,1,1
8561,18952,19,40265.3,1,1,1
4634,13064,22,85272.27,0,0,1
693,20068,14,77690.95,0,0,1
5926,19375,17,77031.56,0,0,1
3447,12789,10,112247.94,1,1,1
9991,11082,8,104503.77,1,1,1
4569,18257,7,91180.47,0,0,1
4524,16241,20,32681.8,1,1,1
7718,18869,16,44066.84,1,1,1
4030,13234,17,28314.23,1,1,1
6325,4449,23,20164.44,1,1,1
3635,9950,23,60354.71,0,1,0
8547,29307,22,54102.28,1,1,1
2174,22314,15,50444.58,1,1,1
7141,11959,15,47260.18,1,1,1
8681,16572,10,66557.02,0,0,1
1100,10602,19,27499.99,1,1,1
196,21644,24,33855.29,1,1,1
395,16970,11,53256.53,0,1,0
7313,12218,22,71827.53,0,0,1
4483,8577,17,101560.25,1,1,1
2495,9792,21,74644.15,0,0,1
5461,8295,13,57005.29,1,1,1
4321,16345,10,77496.6,0,0,1
8165,11404,10,95231.06,0,0,1
4764,11676,19,52564.48,1,1,1
6836,19294,23,21639.34,1,1,1
460,12454,24,42114.38,1,1,1
1010,15927,12,61203.45,0,0,1
5708,10622,11,81017.73,0,0,1
426,13572,21,110580.13,0,1,0
7952,25499,22,34663.65,1,1,1
7159,12615,14,79078.19,0,0,1
1403,10959,17,83707.02,0,0,1
4108,13336,24,114630.63,1,1,1
7382,12978,23,17050.36,1,1,1
2972,10397,19,34622.48,1,1,1
9447,17837,24,94346.42,1,0,0
1553,15264,21,31325.38,1,1,1
1988,17576,23,24267.16,1,1,1
1013,7653,11,99433.39,1,0,0
6739,10706,18,76492.43,0,0,1
2621,9793,22,40152.67,1,1,1
6595,11097,15,81038.08,1,0,0
6928,15138,19,97629.71,0,0,1
7586,19672,16,89464.29,1,0,0
7859,20373,12,80447.56,0,0,1
3706,23794,19,73042.71,0,0,1
7877,10705,22,96818.5,1,0,0
1729,11074,23,68718.2,1,0,0
2483,23954,17,44166.38,1,1,1
4238,10170,22,61874.73,0,1,0
9838,13902,14,64102.73,1,0,0
6801,18083,17,44184.28,1,1,1
999,9459,17,35434.16,1,1,1
7239,10440,14,59112.95,1,1,1
2103,18446,20,81600.78,0,0,1
802,11402,22,66987.51,1,0,0
2818,12557,24,34993.88,1,1,1
1250,13712,19,53208.33,1,1,1
702,17617,21,92956.75,0,0,1
4614,6538,20,34191.32,1,1,1
5678,20991,19,89543.2,0,0,1
4860,9662,16,101586.27,1,1,1
5944,10095,18,90788.58,1,0,0
988,10008,24,87193.28,0,0,1
121,14067,17,94786.28,0,0,1
2326,15372,16,62085.22,0,0,1
4227,12026,18,58283.12,1,1,1
3034,7967,8,62144.08,0,1,0
198,7749,7,70021.62,0,0,1
115,13381,20,26871.75,1,1,1
8107,16068,19,96978.74,0,0,1
8446,24789,24,31016.19,1,1,1
5173,11337,16,79185.04,0,0,1
6591,22175,16,55817.58,1,1,1
9620,14314,16,47559.24,1,1,1
9159,9656,20,53983.36,1,1,1
253,8393,20,24614.46,1,1,1
8419,12408,9,67046.86,1,0,0
6610,21404,13,87519.54,0,0,1
2355,8735,9,50698.87,1,1,1
3508,11103,6,84378.37,0,0,1
5343,17849,17,56431.43,1,1,1
8129,10472,16,100989.19,1,0,0
522,15322,24,27710.15,1,1,1
1343,7005,22,27296.27,1,1,1
4934,15639,11,83516.97,0,0,1
7308,13993,24,74027.32,0,0,1
9316,18650,24,34649.26,1,1,1
2928,10813,17,41958.92,0,1,0
3187,7392,19,76264.42,1,0,0
506,15197,22,41954.96,1,1,1
4404,11838,19,59483.99,1,1,1
4230,8727,13,108278.88,1,1,1
249,8315,19,48885.2,1,1,1
1088,10699,23,34577.13,1,1,1
6096,23039,17,61034.74,0,0,1
9098,10942,24,98607.08,1,0,0
3357,9786,23,57515.25,1,1,1
3805,16422,22,34818.19,1,1,1
2382,9719,22,50118.23,1,1,1
5431,10615,22,18436.74,1,1,1
9032,12184,14,80915.51,0,0,1
2709,9315,20,76713.55,0,0,1
3990,22078,23,46385.41,0,1,0
1200,7471,17,92872.94,1,0,0
8991,16217,19,99630.87,0,0,1
8907,12173,19,18460.61,1,1,1
8556,8160,14,97807.94,0,0,1
6540,14461,22,75537.16,1,0,0
1949,17231,23,58375.09,1,1,1
9469,15826,23,85535.7,0,0,1
1454,14875,24,56083.64,1,1,1
9732,16178,14,37864.07,1,1,1
8489,20123,24,11308.25,1,1,1
2792,9636,14,107867.46,0,1,0
6557,17080,17,71389.44,0,0,1
4765,15903,10,75323.19,0,0,1
7347,7723,9,101023.55,0,1,0
462,16866,12,62601.2,0,0,1
3251,15836,19,30519.64,1,1,1
7856,16781,12,70000.97,0,0,1
5379,8160,23,96280.73,0,0,1
219,12084,24,60570.37,1,1,1
8523,17182,16,99549.79,0,0,1
4867,8818,20,27172.69,1,1,1
7120,16362,22,37439.53,1,1,1
4193,16998,21,53581.93,1,1,1
1925,19728,21,41648.7,1,1,1
1509,7044,20,57031.56,1,1,1
3883,9584,17,34325.02,1,1,1
9465,6967,21,78591.25,0,0,1
3444,10832,10,69267.69,0,0,1
8979,14912,16,64262.65,0,0,1
9965,10234,23,80928.75,0,0,1
2353,20551,14,30890.52,1,1,1
8865,16523,16,83919.08,0,0,1
7075,9259,15,47996.97,1,1,1
7185,15690,13,95918.91,1,0,0
3289,9894,19,56818.87,1,1,1
1133,15080,22,22383.83,1,1,1
8766,10377,19,51238.95,1,1,1
4040,6408,13,69728.31,0,0,1
6339,9254,22,82447.73,0,0,1
5875,9853,18,67787.6,0,0,1
4545,20206,20,92843.87,0,0,1
6404,5740,22,73934.8,0,0,1
9181,25242,15,45396.08,1,1,1
8469,14351,11,93690.6,0,0,1
8434,8991,23,60133.51,0,1,0
4393,12232,18,93909.97,0,0,1
8976,12588,24,85954.73,0,0,1
1193,10834,19,25284.97,1,1,1
728,16277,19,37754.27,1,1,1
4593,17123,13,99487.41,0,0,1
2295,12353,15,55158.8,1,1,1
9933,9093,14,68649.78,0,0,1
8397,19146,18,63635.52,0,0,1
7385,22111,23,81165.82,0,0,1
5372,9185,23,17405.78,1,1,1
3592,9435,21,46449.07,1,1,1
2656,8599,19,39731.25,1,1,1
515,15578,16,88926.53,0,0,1
1027,8265,8,36205.68,1,1,1
5786,11597,24,48661.0,1,1,1
2534,22258,16,43579.84,0,1,0
2771,10519,9,69432.38,0,0,1
6443,19398,21,76590.69,0,0,1
5477,24437,16,45608.5,1,1,1
6436,10066,22,30247.68,1,1,1
9193,10119,21,33076.95,1,1,1
260,9994,22,78547.52,1,0,0
6759,19315,22,24515.41,1,1,1
2923,11888,22,99317.31,0,0,1
8495,20039,18,72232.65,0,0,1
9198,8449,17,34475.49,1,1,1
1908,19891,23,51066.49,1,1,1
3244,21720,24,93423.45,0,0,1
6600,12738,21,68332.07,1,0,0
5481,7592,20,43178.28,0,1,0
3935,10922,11,88327.67,0,0,1
11,15095,21,97411.7,0,0,1
4778,12412,16,77616.26,1,0,0
6483,19336,24,93829.67,0,0,1
8794,31059,9,89945.11,0,0,1
4659,10514,11,34841.18,1,1,1
6696,16796,18,38017.21,1,1,1
4735,14495,10,56336.5,0,1,0
3327,18322,20,51401.61,1,1,1
6158,16164,24,101008.95,0,0,1
4599,5379,13,77267.11,1,0,0
3957,15145,6,50122.11,1,1,1
4801,14923,22,92290.82,0,0,1
6858,15644,24,109687.96,1,1,1
8060,15979,24,55076.13,1,1,1
9403,13452,14,88450.26,1,0,0
4326,14500,17,35244.1,1,1,1
1999,7654,20,13360.55,1,1,1
9969,13593,19,72150.97,0,0,1
2289,7788,22,96429.5,0,0,1
6530,5443,13,44385.56,1,1,1
1954,20109,24,33712.61,1,1,1
7346,20102,24,27467.34,1,1,1
6163,18751,16,82343.47,0,0,1
4128,15003,19,48691.42,1,1,1
886,16539,8,109411.39,0,1,0
5098,8105,20,41181.96,1,1,1
8040,15647,23,67655.38,0,0,1
9959,14674,24,14759.99,1,1,1
917,12809,14,32300.81,1,1,1
7051,10574,20,73254.87,0,0,1
8032,14201,24,84800.85,1,0,0
7891,12020,21,49017.6,1,1,1
3965,10455,21,50199.44,1,1,1
4014,15987,18,43116.84,1,1,1
8791,13821,17,57210.75,1,1,1
2501,17171,16,38923.94,1,1,1
6373,17202,12,86457.17,0,0,1
264,10178,18,45817.6,1,1,1
1243,12618,13,108375.54,1,1,1
795,10333,10,71282.48,1,0,0
1165,27386,13,92526.86,0,0,1
9755,12556,24,64259.61,1,0,0
8058,4816,21,75301.05,1,0,0
7915,21269,21,44679.8,1,1,1
9578,16924,24,57062.0,1,1,1
9744,14064,23,65425.07,0,0,1
8902,10889,24,73184.4,0,0,1
5308,13742,24,50979.69,0,1,0
3439,14615,13,55375.14,1,1,1
9772,20301,10,83538.09,1,0,0
4534,26595,22,58157.22,1,0,0
3085,16037,21,50208.62,1,1,1
9990,11221,22,36529.83,1,1,1
1153,26035,21,44475.17,1,1,1
3594,10714,15,83802.21,0,0,1
4794,9670,9,34630.95,1,1,1
5809,17526,19,26269.79,1,1,1
6705,11840,12,84326.61,0,0,1
668,23824,11,86579.53,0,0,1
7901,15821,23,47612.93,0,1,0
6289,21520,23,57713.59,0,1,0
2620,10776,9,102477.99,1,1,1
1508,18428,22,79115.78,0,0,1
7689,9326,24,94408.0,0,0,1
5287,17284,21,58283.65,1,1,1
6171,15572,22,41279.5,1,1,1
4402,9208,24,36949.9,1,1,1
3185,16411,15,94073.18,0,0,1
2758,14734,19,47802.61,1,1,1
6209,10321,21,9622.5,1,1,1
185,12823,15,30009.3,1,1,1
8016,10726,20,78454.61,0,0,1
9471,9416,17,70135.9,0,0,1
8799,11366,18,62753.78,0,1,0
8235,13914,12,85300.42,0,0,1
4312,12731,21,40546.44,1,1,1
7104,6695,14,47063.4,1,1,1
955,10812,14,113106.14,0,1,0
9251,22539,19,101229.0,1,0,0
6975,11657,8,41124.42,0,1,0
9348,13115,12,56821.95,1,1,1
531,10902,10,82962.29,1,0,0
745,22354,22,85492.67,0,0,1
7140,10978,21,65194.43,1,0,0
6297,23559,23,47172.07,1,1,1
7643,19707,17,79821.2,0,0,1
3455,19110,10,90989.91,0,0,1
4642,22619,13,57059.05,1,1,1
8064,21910,20,100087.74,1,0,0
3554,10649,12,63944.49,0,1,0
7863,7265,23,62511.74,0,1,0
3328,9298,17,29253.8,1,1,1
4340,13088,16,97645.78,0,0,1
9055,7804,18,40183.2,0,1,0
615,15866,15,51197.87,1,1,1
2618,11999,24,100259.07,1,0,0
8521,9813,23,66908.32,1,0,0
9922,15923,18,82364.62,0,0,1
1903,12696,18,72222.46,1,0,0
9765,12102,24,82717.59,0,0,1
5547,13475,22,91765.56,0,0,1
6957,23499,19,88987.67,0,0,1
6211,10172,19,40411.81,1,1,1
3711,9982,19,40441.82,1,1,1
7175,8191,13,91747.06,0,0,1
1897,7025,9,53776.91,1,1,1
7710,7190,14,65528.35,1,1,1
1142,16056,20,89753.56,0,0,1
657,19950,11,61331.48,0,0,1
4453,10887,21,75613.36,0,0,1
8944,14315,24,26054.34,1,1,1
9741,10224,14,55925.29,1,1,1
6868,16932,10,55840.01,1,1,1
1457,13425,18,81661.58,1,0,0
7310,10778,20,39365.63,1,1,1
2588,15121,9,68480.58,0,0,1
425,20947,24,16021.54,1,1,1
5787,10973,24,101532.58,1,1,1
1538,26608,20,78530.24,0,0,1
4488,14278,21,66804.3,1,0,0
8335,17029,12,92465.26,0,0,1
8448,10422,15,98989.22,0,0,1
445,13606,16,68299.71,0,0,1
4097,9557,20,34935.77,1,1,1
4089,11918,16,82410.9,1,0,0
6942,8283,20,53704.29,0,1,0
3694,19405,17,69845.25,0,0,1
1147,8468,10,75489.49,1,0,0
8918,18107,23,90839.57,0,0,1
8845,15068,8,67217.37,0,0,1
7060,11643,13,63920.67,0,0,1
8474,24225,19,60502.91,0,0,1
611,9639,22,20636.39,1,1,1
1064,22331,20,25112.04,1,1,1
3524,12662,24,26311.97,1,1,1
7110,15979,10,102265.27,1,0,0
7833,12801,20,82178.31,1,0,0
6018,11759,22,48681.98,1,1,1
3027,12439,18,50115.54,1,1,1
47,8761,7,75332.79,0,0,1
8664,10675,20,79931.83,0,0,1
6753,19046,19,107452.27,0,1,0
8972,13673,21,41331.87,1,1,1
5300,9744,19,54538.76,1,1,1
3276,21659,20,85844.07,0,0,1
7241,8355,21,43113.1,1,1,1
3781,13645,22,99289.76,1,0,0
3678,10179,12,64581.66,0,0,1
4978,15988,9,35042.75,1,1,1
5935,9477,17,51785.14,1,1,1
9107,29388,20,109025.52,1,1,1
2530,19852,23,74615.84,0,0,1
8560,20872,22,57515.62,0,1,0
3984,24332,14,26110.11,1,1,1
601,13973,12,32015.55,1,1,1
5272,7848,23,36867.47,1,1,1
2810,18366,15,102316.62,1,0,0
1366,8885,22,61566.15,0,1,0
7048,16466,23,54841.71,1,1,1
3331,16067,21,59266.06,1,1,1
2849,12061,22,23711.93,1,1,1
6139,18547,8,114542.19,1,1,1
3468,8315,16,93846.02,0,0,1
7433,16134,18,67084.01,0,0,1
9913,17399,7,51226.84,0,1,0
6391,16601,17,90366.63,0,0,1
5502,10624,22,24832.65,1,1,1
7493,14504,19,93919.88,0,0,1
7226,11863,8,67344.49,0,0,1
4481,10259,20,43107.63,1,1,1
5378,6703,17,65008.48,1,1,1
8492,17690,16,74587.35,0,0,1
4126,10606,23,39535.27,1,1,1
7202,23619,21,40943.98,1,1,1
6109,10230,20,33657.2,1,1,1
8159,8686,18,27931.93,1,1,1
4872,8831,9,64116.0,1,1,1
1738,10170,15,78370.37,0,0,1
2610,12906,15,43145.52,1,1,1
2614,19243,16,89157.36,0,0,1
5649,20593,14,52171.5,1,1,1
5136,11445,21,54897.47,1,1,1
3210,10234,17,24897.54,1,1,1
2003,15919,14,44427.39,1,1,1
4085,18665,21,61899.34,0,0,1
8981,9875,11,91633.18,1,0,0
7712,11384,20,49411.54,1,1,1
9560,18191,22,83417.51,1,0,0
9298,22691,24,55184.95,1,1,1
5048,16621,24,50994.85,1,1,1
1334,19665,13,84818.57,0,0,1
8278,10513,19,66008.2,0,0,1
1626,12860,6,78687.84,1,0,0
238,11346,11,67703.88,0,0,1
8096,22198,23,64853.9,0,0,1
1715,10161,19,78659.0,0,0,1
8917,7440,20,104132.15,1,1,1
3722,11298,21,71487.82,0,0,1
5237,22462,23,15692.34,1,1,1
8538,9217,18,89508.99,0,0,1
8098,11383,17,99496.8,0,0,1
2821,16427,21,106590.98,0,1,0
1241,13242,9,69127.22,1,0,0
7454,6558,14,45705.67,0,1,0
9788,15985,21,54551.77,1,1,1
8657,33192,19,46976.4,1,1,1
5170,13326,16,24173.59,1,1,1
4626,10306,14,80104.52,0,0,1
6912,15492,23,73812.31,0,0,1
1694,15260,15,92054.12,0,0,1
5999,24105,18,40125.7,1,1,1
147,10193,24,98132.27,1,0,0
1625,16985,24,35854.61,1,1,1
4761,19356,15,42141.72,1,1,1
5419,20648,16,101433.89,1,0,0
8758,22322,18,57339.98,1,1,1
2654,15828,21,51261.52,1,1,1
4737,17953,16,36154.09,1,1,1
1152,17104,23,85496.21,0,0,1
4913,16827,13,45903.61,0,1,0
8842,11875,21,90713.59,1,0,0
9296,10594,14,69301.75,0,0,1
5035,17918,17,26027.16,1,1,1
8819,5219,13,92917.97,1,0,0
1713,10026,12,85564.91,0,0,1
7703,14438,14,51694.47,1,1,1
2446,12660,19,82110.41,0,0,1
1750,14757,17,42298.28,1,1,1
1206,11429,23,36824.83,1,1,1
6563,16303,12,70664.27,0,0,1
5736,20956,16,68943.39,0,0,1
9209,8577,9,92355.13,1,0,0
1555,22579,15,29106.27,1,1,1
2917,12914,23,11390.07,1,1,1
8848,19170,18,78816.24,0,0,1
7187,12088,20,60476.56,1,1,1
9326,23461,16,45760.07,1,1,1
4050,16292,12,81471.47,1,0,0
1294,9831,24,49943.79,1,1,1
2264,20848,20,72246.83,0,0,1
8897,14594,19,57780.5,1,1,1
661,12744,10,108974.78,0,1,0
1162,11060,21,56703.28,1,1,1
9279,17019,22,67949.06,0,0,1
8339,10261,22,90030.77,0,0,1
3527,11515,20,83534.25,0,0,1
6810,11434,23,63862.17,1,0,0
6962,13299,21,116851.09,1,1,1
5657,11136,18,76149.23,1,0,0
6287,14600,13,104165.58,1,1,1
7736,22412,24,75329.32,0,0,1
1946,16238,19,45765.13,1,1,1
8648,8765,13,64578.42,0,1,0
7882,10151,9,68047.15,0,0,1
4178,9479,21,72427.62,0,0,1
6640,14625,8,107506.79,0,1,0
5977,12601,24,81241.55,0,0,1
4671,10563,22,57770.56,0,1,0
9243,13393,13,43587.95,0,1,0
6543,7202,19,54865.36,0,1,0
9327,17991,10,46933.53,1,1,1
7418,9847,10,39331.66,1,1,1
1781,16665,21,108366.82,1,1,1
7925,20964,8,39064.97,1,1,1
4557,22092,13,50157.34,1,1,1
9870,23065,12,64329.58,0,0,1
4586,19047,20,97312.6,0,0,1
3013,14261,16,108586.31,1,1,1
3987,15642,16,74628.12,0,0,1
7026,9619,18,110027.63,1,1,1
5466,7799,20,71125.79,0,0,1
4600,15897,10,97679.64,0,0,1
5784,18833,9,70453.02,0,0,1
2117,11531,21,41084.32,1,1,1
6657,14271,22,74322.24,0,0,1
1245,14914,7,67426.06,1,0,0
1496,12189,22,78505.12,1,0,0
1842,12861,17,31153.96,1,1,1
6384,9605,21,30113.92,1,1,1
9468,14890,21,65955.77,1,0,0
5306,15617,12,105681.58,0,1,0
780,10870,14,85152.64,0,0,1
6338,13852,20,45071.08,1,1,1
4057,11281,12,107875.98,1,1,1
6832,12093,10,76824.11,0,0,1
2630,8973,19,90032.75,0,0,1
2629,27670,19,102691.94,1,0,0
3700,13975,7,81532.78,0,0,1
8445,9918,20,29428.05,1,1,1
2536,13796,21,80407.91,0,0,1
4810,13200,24,72695.86,0,0,1
8923,27564,23,83663.91,0,0,1
2019,26332,13,58764.43,1,0,0
1191,22237,22,74349.87,0,0,1
4176,11197,24,51061.89,1,1,1
8251,7174,14,107491.17,1,1,1
4313,20724,20,22231.92,1,1,1
4384,9781,12,54522.87,1,1,1
9790,34922,19,53314.38,1,0,0
8219,10529,18,69547.81,0,0,1
6650,10430,9,41406.73,1,1,1
1385,11357,19,60501.22,1,1,1
8566,16867,11,70723.53,0,0,1
3424,9674,23,53526.87,1,1,1
1819,16848,24,68600.55,0,0,1
67,15164,23,12017.79,1,1,1
9386,15492,14,81845.5,0,0,1
1787,12405,10,77220.68,1,0,0
1568,16724,22,32272.53,1,1,1
7747,18062,15,74475.01,0,0,1
2974,7537,13,100177.13,1,1,1
2788,11079,18,76551.32,0,0,1
9017,8682,18,76977.94,0,0,1
1183,16033,13,78825.5,0,0,1
2056,10473,18,72859.68,0,0,1
1036,23095,17,77130.93,0,0,1
646,19407,15,75682.44,0,0,1
840,18143,14,78235.69,0,0,1
34,13998,22,80965.58,0,0,1
9222,10745,13,75733.36,1,0,0
4512,11773,17,73478.39,0,0,1
1608,15359,17,88227.05,0,0,1
2834,30074,22,99599.87,0,0,1
9470,7243,9,109012.13,1,1,1
4250,14670,6,66731.75,0,0,1
4597,12264,15,87050.3,1,0,0
2444,9061,16,98384.97,0,0,1
3169,19355,13,98846.3,0,0,1
1047,8038,9,75288.51,0,0,1
8285,12664,9,34524.98,1,1,1
9253,14621,18,75935.6,1,0,0
6968,6186,19,83359.8,1,0,0
7074,22430,23,20355.15,1,1,1
8163,7597,19,65464.73,1,1,1
5532,15330,24,31164.47,1,1,1
5096,12415,18,79860.08,0,0,1
1021,16319,22,58128.46,1,1,1
6585,15484,23,86592.34,0,0,1
9255,14991,24,61054.02,0,1,0
296,11055,24,72494.65,0,0,1
7006,25700,24,50245.06,1,1,1
7015,20089,11,60623.88,0,0,1
6959,12046,21,79373.04,1,0,0
2168,15658,14,88218.34,0,0,1
478,16873,23,58939.63,1,1,1
4848,9397,18,57685.16,1,1,1
6549,17174,21,32149.63,1,1,1
1282,17455,11,31847.79,1,1,1
9629,22071,17,48214.98,1,1,1
181,11228,19,41999.23,1,1,1
7717,13234,9,106086.24,0,1,0
8364,24258,19,99435.47,0,0,1
5279,24528,20,44574.5,0,1,0
2659,18551,17,98574.61,0,0,1
7611,11851,24,16103.11,1,1,1
1253,16962,15,40841.15,1,1,1
9401,11690,17,94607.86,0,0,1
9136,15446,22,56150.01,1,1,1
29,11018,18,64497.7,0,0,1
556,15872,10,77844.32,0,0,1
4300,11501,21,111530.78,1,1,1
2878,16137,19,89656.68,0,0,1
1803,17147,23,19767.74,1,1,1
4462,17636,23,78109.17,0,0,1
9888,19913,20,44335.74,1,1,1
5587,8832,24,79157.96,0,0,1
2006,10815,23,64415.01,1,0,0
3690,11557,14,53405.9,1,1,1
9796,5397,22,78861.94,1,0,0
1670,21504,13,27866.93,1,1,1
8427,11658,20,112293.85,0,1,0
2606,15936,19,82835.54,0,0,1
4577,11800,24,50883.64,1,1,1
7887,15556,18,105732.91,1,1,1
8211,10660,24,35307.92,1,1,1
1017,8526,17,90130.0,0,0,1
9580,12393,24,74653.88,0,0,1
6233,11359,15,68690.9,0,0,1
4611,23000,13,78866.92,0,0,1
786,7835,14,81355.74,1,0,0
8963,14445,17,80582.75,1,0,0
9046,9515,24,92994.12,0,0,1
6084,9771,24,28991.5,1,1,1
3491,18564,13,30352.21,1,1,1
2955,10767,16,39098.15,1,1,1
8800,10501,24,58449.23,1,1,1
1053,10530,14,48601.49,1,1,1
3824,9444,13,50096.36,1,1,1
3253,17541,14,78965.67,0,0,1
1564,11241,21,51012.52,1,1,1
1041,12364,10,75379.56,1,0,0
7121,14304,24,38573.64,1,1,1
8702,19613,19,49554.79,0,1,0
1382,12973,20,93156.31,1,0,0
4430,14729,22,67106.39,0,0,1
5856,8713,17,30541.2,1,1,1
2296,10665,23,91931.16,0,0,1
3624,13166,17,67512.24,1,0,0
7256,10085,21,90229.8,0,0,1
4696,18551,23,53854.38,1,1,1
1969,17878,16,49920.91,1,1,1
5619,13217,19,70207.11,1,0,0
3898,10698,18,71802.74,1,0,0
4713,16894,17,33119.12,1,1,1
9492,13826,23,87460.17,0,0,1
6786,12551,16,55286.03,0,1,0
301,13569,13,91871.81,0,0,1
5506,24385,24,72483.65,0,0,1
7801,12128,11,54715.04,1,1,1
3349,14431,17,31759.6,1,1,1
7828,9366,22,56380.69,1,1,1
817,9439,9,111263.35,1,1,1
7019,9262,23,14734.22,1,1,1
7453,11674,15,56029.72,1,1,1
7525,12969,16,70437.61,0,0,1
9027,16929,22,60246.64,0,0,1
6308,12151,24,14176.65,1,1,1
1050,11174,12,95186.14,0,0,1
5154,10967,13,64645.57,0,0,1
924,10342,20,111667.86,1,1,1
9399,19346,14,30244.77,1,1,1
5274,8361,22,66705.22,0,0,1
7100,21877,12,113105.61,0,1,0
2054,12022,12,73859.64,1,0,0
1839,15988,18,98710.16,0,0,1
1784,9098,15,72261.53,0,0,1
6333,7588,13,82801.67,1,0,0
8741,21058,14,66667.79,0,0,1
3609,17621,16,61705.34,1,0,0
9276,13586,23,46144.98,1,1,1
5260,11720,13,104470.66,0,1,0
4629,11473,13,61768.22,1,1,1
844,7997,22,40088.17,1,1,1
971,7397,24,61663.32,1,1,1
701,12489,24,43823.16,1,1,1
9160,13783,22,70807.6,0,0,1
9169,17984,17,45501.72,1,1,1
4299,9686,19,50856.21,1,1,1
2124,8367,20,101407.26,0,1,0
2797,6615,23,22929.28,1,1,1
9986,18988,19,23581.68,1,1,1
7641,17809,23,19256.89,1,1,1
9204,16592,19,66336.53,0,0,1
9752,18629,20,102494.66,1,0,0
1929,11721,10,104177.76,0,1,0
5081,11791,16,67296.45,0,0,1
92,15894,20,41273.9,1,1,1
6459,12356,20,84657.7,0,0,1
3032,15355,24,8929.71,1,1,1
5648,11994,16,98502.11,1,0,0
244,18872,19,65200.08,0,0,1
330,16478,14,115907.54,1,1,1
2447,18923,24,11907.67,1,1,1
7951,21036,11,66613.97,0,0,1
7881,8494,19,56787.35,1,1,1
8145,12237,13,87211.16,0,0,1
3891,19119,13,44435.04,1,1,1
5993,16702,23,12743.53,1,1,1
691,17583,22,60215.14,0,0,1
7634,11060,18,49322.32,1,1,1
1763,22144,7,108270.27,1,1,1
6948,14034,24,19280.01,1,1,1
8164,8345,15,44555.45,1,1,1
9603,14013,21,93314.53,0,0,1
4324,8099,22,65011.42,1,1,1
6036,10368,21,27736.63,1,1,1
52,17456,14,88662.57,0,0,1
7401,18901,17,100258.12,0,0,1
8023,8085,18,34398.67,1,1,1
1485,7654,14,71193.73,1,0,0
4158,12153,17,96561.88,1,0,0
2088,18366,21,102767.36,1,0,0
3058,20741,24,26518.67,1,1,1
1534,12784,22,81076.3,0,0,1
9538,16071,19,55142.08,1,1,1
488,19970,23,71596.17,0,0,1
8196,13920,20,37951.75,1,1,1
5059,12846,13,41371.85,1,1,1
6175,13901,19,92132.63,0,0,1
4506,8051,23,96892.93,0,0,1
4638,8779,24,67318.13,0,0,1
9625,20201,19,59423.09,1,0,0
939,11108,24,60808.2,1,1,1
4639,19820,23,64258.5,0,0,1
5395,10575,14,102590.22,1,1,1
9013,16601,18,94956.21,0,0,1
3110,21825,9,86631.95,0,0,1
3337,15336,15,107061.89,1,1,1
9308,9495,19,74187.36,0,0,1
7914,19411,21,41583.44,1,1,1
4911,20539,20,81088.13,0,0,1
4194,17207,23,56685.23,1,1,1
8605,9489,10,63366.87,0,1,0
3366,18276,12,71540.02,0,0,1
8437,14740,22,99064.05,0,0,1
5453,7757,24,41941.81,1,1,1
405,14303,16,97051.88,0,0,1
4461,16355,20,89141.96,0,0,1
5877,13089,12,62962.54,1,0,0
744,16078,23,51786.56,1,1,1
876,13521,18,40890.38,1,1,1
9336,20003,18,94218.19,0,0,1
6760,13384,19,82690.04,1,0,0
1598,8896,21,107353.41,1,1,1
7491,10632,21,80394.67,0,0,1
7038,8994,16,83295.5,0,0,1
7164,11131,20,62418.07,1,1,1
6789,23282,24,74448.09,0,0,1
2897,14516,13,49421.8,1,1,1
3497,15345,12,84989.65,0,0,1
8413,12548,11,55281.48,1,1,1
6073,12126,24,78281.97,1,0,0
446,10602,17,111244.38,0,1,0
2173,24950,24,25715.71,1,1,1
1590,10590,22,55441.73,0,1,0
391,6876,23,96824.04,1,0,0
2739,14855,18,41018.91,1,1,1
5662,20127,11,108964.33,1,1,1
1708,15112,24,63429.94,0,0,1
8405,18537,19,54159.34,1,1,1
8989,19080,23,98926.08,0,0,1
4470,11412,14,25427.87,1,1,1
7550,7006,8,73942.76,0,0,1
5273,9723,22,82298.25,0,0,1
9968,17182,13,85274.78,0,0,1
3688,8868,23,18059.63,1,1,1
1686,15744,16,60631.77,0,1,0
9022,6480,16,37135.83,1,1,1
5305,24241,23,50304.36,0,1,0
985,21961,23,64837.1,0,0,1
1432,23315,9,106410.2,1,1,1
1984,16594,18,97581.38,0,0,1
2102,22033,14,86057.28,1,0,0
2128,26246,14,30874.49,1,1,1
285,24880,23,50272.61,1,1,1
9827,12360,16,51843.63,0,1,0
2422,9742,20,41056.8,0,1,0
3230,16631,14,65857.07,0,0,1
6756,13020,22,38672.04,1,1,1
5697,11181,14,45665.02,1,1,1
3263,11992,21,69254.64,0,0,1
765,10138,24,13019.74,1,1,1
4382,15312,19,44179.35,1,1,1
8765,22778,24,85571.76,0,0,1
8542,15439,18,82976.92,0,0,1
7522,19271,18,109483.98,1,1,1
5121,12824,11,102471.7,1,1,1
3504,14780,16,52292.46,1,1,1
3146,9100,22,53020.61,1,1,1
7974,13521,24,87862.18,0,0,1
3440,13084,22,73726.26,0,0,1
6021,8766,18,90663.59,0,0,1
3874,14743,17,49485.43,0,1,0
7129,12532,18,71490.14,1,0,0
4645,10603,11,61562.49,0,1,0
9909,13569,20,58353.81,0,1,0
1033,18697,23,113671.21,0,1,0
6768,7527,22,13293.71,1,1,1
4421,11659,15,18737.21,1,1,1
123,19852,23,66761.79,0,0,1
159,16119,22,24441.23,1,1,1
9250,15125,20,95195.15,0,0,1
7837,23539,7,115775.86,1,1,1
6915,12844,21,96329.22,0,0,1
5721,8930,20,72173.2,0,0,1
7992,9395,23,99358.56,1,0,0
9883,12876,15,31578.44,1,1,1
9147,16658,23,100835.39,1,0,0
9918,10084,12,88692.8,0,0,1
3068,13636,22,87422.84,0,0,1
895,7938,16,92798.09,1,0,0
93,11118,14,103459.05,1,1,1
1319,12977,14,42798.19,1,1,1
2493,8735,18,88391.36,0,0,1
7238,15660,15,76430.35,0,0,1
5242,14206,14,57074.18,1,1,1
5880,10902,23,44408.42,1,1,1
503,13727,14,104612.09,1,1,1
4208,22923,23,90330.9,0,0,1
5823,16846,19,43893.65,1,1,1
8575,17415,9,43585.19,1,1,1
9761,17455,23,34473.72,1,1,1
9092,28620,24,71576.91,0,0,1
3928,18924,24,97534.23,0,0,1
2130,23952,14,43349.91,1,1,1
6351,12782,13,53072.67,1,1,1
4560,15025,21,98393.14,0,0,1
1289,16131,17,96296.87,0,0,1
603,11816,13,35354.08,1,1,1
8647,12913,24,61075.54,0,1,0
8767,15469,21,52433.49,1,1,1
3660,10658,17,68061.65,0,0,1
3161,30680,16,67441.19,0,0,1
2890,21478,15,100193.51,1,0,0
984,21482,23,75515.34,0,0,1
8531,17477,19,98037.89,0,0,1
3739,25239,16,30069.76,1,1,1
4283,16948,16,34035.37,1,1,1
3321,13268,22,93249.91,1,0,0
3743,11965,12,98947.73,0,0,1
1482,13099,24,28583.85,1,1,1
6392,13452,21,89386.19,0,0,1
4296,19059,14,90949.93,0,0,1
3910,9934,21,51399.34,1,1,1
9630,11193,24,74411.6,0,0,1
8636,10636,18,58717.27,1,1,1
1080,13123,7,53177.21,0,1,0
3284,9576,12,87403.71,0,0,1
9197,11701,19,44807.23,1,1,1
2713,19793,24,51608.14,1,1,1
8318,16160,24,65478.23,0,0,1
7839,21002,14,56399.44,1,1,1
6108,17452,22,78779.5,0,0,1
2109,15778,17,52146.83,1,1,1
2937,18368,21,39531.06,1,1,1
9551,7344,13,67521.61,1,0,0
9033,14753,18,78335.02,0,0,1
7876,17367,16,43562.4,1,1,1
1271,10822,24,21821.53,1,1,1
9095,15944,21,64589.65,0,0,1
4501,16697,22,66502.04,0,0,1
3004,15486,24,67758.86,0,0,1
1399,9364,13,91993.47,0,0,1
5691,10141,24,55449.03,0,1,0
1690,23644,18,62348.19,0,0,1
4558,17353,19,54504.34,1,1,1
1313,20645,14,111697.23,1,1,1
1350,21121,23,30007.28,1,1,1
4961,8128,21,56929.97,1,1,1
2899,19370,23,61100.15,0,0,1
804,14319,16,69005.74,1,0,0
1252,11138,6,71872.7,1,0,0
1807,16793,14,65718.8,0,0,1
3787,8744,7,112183.77,0,1,0
2844,24746,9,92784.74,0,0,1
8426,10569,19,79326.41,1,0,0
1783,15208,8,98104.13,0,0,1
3256,7016,20,52161.21,0,1,0
5451,24986,19,71024.29,0,0,1
9432,7700,18,78711.3,0,0,1
7585,11671,5,46540.77,1,1,1
6015,13777,24,60363.85,0,1,0
8497,11653,15,82406.98,1,0,0
6737,14406,15,31507.92,1,1,1
7403,3314,24,87445.36,0,0,1
2768,7986,19,89598.67,1,0,0
5584,19625,20,92551.94,0,0,1
1002,27190,7,81065.04,0,0,1
3936,5948,13,77377.86,1,0,0
428,18251,9,103801.19,0,0,1
8654,6415,17,80679.67,0,0,1
8515,9021,9,67341.64,0,0,1
2474,10528,20,27527.11,1,1,1
6550,12211,18,47107.99,1,1,1
2081,14706,20,69550.62,1,0,0
8666,14640,18,56688.86,1,1,1
6515,7183,22,60101.47,0,1,0
4486,10944,11,73536.34,1,0,0
9633,8674,17,35338.74,1,1,1
7435,14210,23,39745.68,1,1,1
13,21998,15,73156.01,0,0,1
472,14155,17,42538.65,1,1,1
1092,17262,22,86909.86,0,0,1
7510,6641,12,69933.26,0,0,1
8146,11868,18,78129.98,0,0,1
4405,9536,19,53872.15,1,1,1
2150,11945,22,54973.17,0,1,0
3358,9230,18,76111.58,0,0,1
6279,10271,17,27102.78,1,1,1
1653,14570,17,82062.22,0,0,1
8101,24931,22,31978.93,1,1,1
8792,7791,18,23744.87,1,1,1
2340,11833,16,71454.32,1,0,0
9112,19396,11,111639.22,0,1,0
3092,5846,8,34131.35,1,1,1
1951,7063,20,61805.74,1,1,1
4668,24562,17,42752.71,1,1,1
8828,19655,18,57591.69,1,1,1
6850,17369,8,32151.9,1,1,1
2993,15713,17,45228.4,1,1,1
1117,19197,22,76643.03,0,0,1
421,6300,23,68456.86,0,0,1
5630,14583,17,62894.79,0,0,1
3519,7605,18,37598.99,1,1,1
4511,16933,24,113328.78,1,1,1
1638,11142,18,41598.66,1,1,1
2531,16852,18,48048.31,1,1,1
3480,15905,24,71986.4,0,0,1
6061,16192,22,78393.56,0,0,1
2953,12091,23,98018.33,0,0,1
4935,10978,23,66666.07,0,0,1
9972,9543,16,70769.44,1,0,0
7665,13191,20,104576.22,1,1,1
1731,15674,24,80948.12,0,0,1
2380,14069,20,57527.84,1,1,1
3317,15241,10,57066.39,1,1,1
6272,12438,14,93857.82,0,0,1
2200,11136,13,52324.83,1,1,1
4546,13083,21,66960.29,1,0,0
201,6546,15,99968.88,0,1,0
6302,11272,20,69398.79,1,0,0
705,5058,24,48849.12,0,1,0
6536,11266,16,90650.02,0,0,1
8212,6671,20,31695.2,1,1,1
2586,15801,13,76489.75,0,0,1
3025,16226,19,77452.37,0,0,1
3064,18444,13,82644.28,0,0,1
9377,6638,20,97229.5,1,0,0
649,18280,20,80440.24,0,0,1
3920,17010,21,80828.82,0,0,1
9896,22532,16,93300.04,0,0,1
5445,9766,7,58911.31,1,1,1
4022,9512,19,78693.1,0,0,1
2850,17777,24,28406.22,1,1,1
9082,10224,15,101183.83,0,0,1
6529,8350,21,74647.16,1,0,0
353,15357,18,95672.85,0,0,1
3184,18643,24,67313.79,0,0,1
6070,18509,21,18627.22,1,1,1
1441,14422,24,56420.28,1,1,1
558,16502,17,53445.79,1,1,1
8199,23074,11,66651.0,0,0,1
6022,7440,6,94469.15,1,0,0
7565,13723,24,68757.22,0,0,1
3630,23652,17,66520.01,0,0,1
5346,7692,23,85214.97,0,0,1
8790,10287,10,76699.42,0,0,1
1158,15942,11,97000.17,0,0,1
3512,10986,18,90382.75,0,0,1
3742,15059,12,42853.7,1,1,1
6554,12717,16,62739.53,0,0,1
3003,16747,22,111501.69,1,1,1
6506,12158,18,83399.02,0,0,1
26,12160,18,67789.32,1,0,0
6156,8275,12,45846.74,1,1,1
3,26823,7,95276.14,0,0,1
3105,14677,15,47624.71,1,1,1
1433,19620,18,79414.32,0,0,1
5022,14247,22,56483.79,1,1,1
7962,9758,24,86074.49,0,0,1
4940,11835,24,42434.79,1,1,1
6000,11135,17,111343.03,0,1,0
801,18689,13,105926.86,1,1,1
2833,13738,17,59327.55,1,1,1
8063,13477,23,61321.17,1,1,1
9094,8817,24,58135.24,1,1,1
6708,10168,13,72157.42,0,0,1
1985,15494,22,36097.73,1,1,1
4976,12966,20,25344.91,1,1,1
4958,24382,22,24357.33,1,1,1
9192,13080,21,78132.76,0,0,1
7713,13140,13,112520.86,1,1,1
2701,17213,22,113662.56,0,1,0
4112,6100,15,94714.72,0,0,1
7236,9751,19,30709.44,1,1,1
4437,12058,19,85240.35,0,0,1
9715,13360,22,30034.78,1,1,1
3604,15142,10,52307.83,1,1,1
6415,7298,19,44550.84,1,1,1
8424,13793,21,83215.92,1,0,0
6153,9849,17,75682.77,0,0,1
5660,20357,23,53351.08,1,1,1
169,11304,9,40174.67,0,1,0
7375,18825,15,49553.16,1,1,1
5128,20605,22,89500.52,0,0,1
3550,14294,18,67795.07,0,0,1
4571,10222,21,67412.38,0,0,1
4899,14266,16,28557.54,1,1,1
4021,27674,17,36623.33,1,1,1
2230,11804,21,49453.29,1,1,1
1648,14004,9,88172.63,1,0,0
2796,15431,22,29891.08,1,1,1
8340,12744,17,14508.39,1,1,1
731,17867,16,43522.35,1,1,1
2015,10342,13,86982.1,1,0,0
538,22626,16,63543.24,0,0,1
8958,13165,14,38057.6,1,1,1
5591,16870,14,47817.11,1,1,1
8109,21324,23,38324.93,1,1,1
8872,20972,18,31856.91,1,1,1
1452,12238,22,71004.58,1,0,0
6026,9302,23,70247.17,1,0,0
1058,14160,18,65633.67,0,0,1
8856,9714,17,39805.7,1,1,1
484,9078,20,44310.77,1,1,1
1769,18945,24,47746.91,0,1,0
6576,9642,15,28420.83,1,1,1
4346,20723,11,62393.36,0,0,1
1288,8047,13,41428.46,1,1,1
308,11605,24,85528.69,1,0,0
9855,18936,15,61876.38,0,0,1
259,13468,11,45677.29,1,1,1
7008,10205,13,62457.76,1,1,1
2184,8385,24,70499.65,0,0,1
3864,14158,22,63740.18,0,0,1
8336,15187,23,82416.48,0,0,1
8360,9904,13,86919.84,1,0,0
9369,13367,19,84873.1,1,0,0
5911,11509,20,90210.53,1,0,0
8439,15942,15,42096.4,0,1,0
2569,10180,14,47176.41,1,1,1
423,9544,23,27338.23,1,1,1
5361,14281,21,16463.47,1,1,1
6642,16154,24,15625.91,1,1,1
4169,8119,22,56762.8,1,1,1
9882,13355,19,82633.07,0,0,1
5232,7309,20,90391.49,0,0,1
9609,14601,23,33448.51,1,1,1
7155,18669,24,61519.39,0,0,1
6006,11677,18,88504.53,1,0,0
7329,9732,19,41532.81,0,1,0
1244,17992,21,59602.18,1,1,1
4683,15755,17,52119.23,0,1,0
2596,10114,22,28144.77,1,1,1
3693,21630,15,71668.79,0,0,1
4287,19051,24,43566.1,1,1,1
2657,7945,23,44956.66,1,1,1
4933,5494,17,68056.82,1,0,0
9717,15859,24,62984.91,0,0,1
96,14120,12,75457.92,1,0,0
8407,19644,13,54337.79,1,1,1
9036,12716,15,88799.49,0,0,1
7262,11660,8,50513.19,1,1,1
9886,14158,16,43294.85,1,1,1
9201,21251,12,37772.38,1,1,1
8359,12047,21,42619.3,1,1,1
7892,15968,24,44563.36,0,1,0
9924,11818,13,94539.87,0,0,1
8945,15432,20,82309.1,0,0,1
5450,20007,20,70723.31,0,0,1
7688,13674,9,86419.59,0,0,1
5889,15142,7,89617.42,0,0,1
3740,12000,10,37473.25,1,1,1
3570,12811,24,95378.14,1,0,0
5908,15080,24,79122.84,0,0,1
8198,9647,22,58978.02,1,1,1
3223,20218,18,62007.12,0,0,1
867,7275,6,86577.51,0,0,1
4072,19739,18,75450.55,0,0,1
2087,9635,22,53493.82,1,1,1
4821,14482,23,51977.06,0,1,0
4583,10956,24,96591.43,0,0,1
769,19957,24,11053.79,1,1,1
4295,10322,20,67029.02,1,0,0
1607,9934,8,40733.03,1,1,1
7030,21724,12,97799.47,0,0,1
888,9876,19,90319.67,1,0,0
3505,8842,17,100969.8,1,1,1
4260,16366,23,58190.58,1,1,1
7826,25822,10,80649.49,0,0,1
475,8243,24,52926.99,1,1,1
1855,15063,15,76762.56,0,0,1
8059,10352,24,38596.94,1,1,1
3046,12670,16,56784.54,1,1,1
8442,13297,10,96619.46,1,0,0
7709,10033,15,72671.53,1,0,0
7972,16266,24,92238.76,0,0,1
1351,21759,13,53401.99,0,1,0
1520,7146,16,64212.71,0,1,0
4254,12118,9,39533.36,1,1,1
6328,13821,23,90066.83,0,0,1
7530,13026,19,51335.5,0,1,0
6210,18804,23,12377.95,1,1,1
2681,9484,23,52751.46,0,1,0
8630,8705,22,85953.54,0,0,1
6350,10647,23,64768.12,0,0,1
3432,21153,14,63615.91,0,0,1
6984,21501,17,70916.73,0,0,1
3203,7856,17,70977.91,0,0,1
8304,7718,23,65385.97,0,1,0
4086,14431,16,87438.12,1,0,0
6553,9419,22,6430.27,1,1,1
8669,16011,17,58090.09,1,1,1
4101,12650,11,66577.14,0,0,1
7732,20050,23,83602.25,0,0,1
1211,9184,12,45502.34,1,1,1
1174,12262,21,28275.36,1,1,1
1273,17262,20,53268.87,1,1,1
9979,29642,23,21650.74,1,1,1
7177,21208,21,62484.61,0,0,1
1428,15646,24,62169.19,0,0,1
3247,11632,21,26009.07,1,1,1
8524,22190,24,74779.76,0,0,1
2116,10220,17,55447.75,1,1,1
9963,11529,22,57324.82,1,1,1
6924,13233,14,34568.15,1,1,1
1895,9063,15,56274.41,1,1,1
4854,4879,16,87280.03,0,0,1
1218,9892,23,87152.6,0,0,1
3915,11122,19,68004.62,1,0,0
2658,11271,18,89201.6,0,0,1
2045,18296,20,28578.93,1,1,1
1376,7449,24,38080.75,1,1,1
3971,11526,19,52873.4,1,1,1
1061,13276,16,106620.66,1,1,1
1791,11556,23,61020.74,0,1,0
320,21374,21,32578.24,1,1,1
6161,7140,15,37842.21,1,1,1
5188,12614,18,61785.35,0,1,0
1420,9473,22,95511.85,0,0,1
4965,6771,22,24751.8,1,1,1
7888,11240,20,92734.98,1,0,0
9914,10747,16,42030.78,1,1,1
9826,10050,24,56198.54,1,1,1
2097,12492,18,67318.22,1,0,0
7584,12603,14,82257.03,0,0,1
3390,14985,17,55876.82,1,1,1
2,7109,16,89627.5,0,0,1
1401,5165,18,91250.5,0,0,1
7903,10683,13,67074.52,0,0,1
6854,22684,17,89248.49,0,0,1
3449,13567,21,39301.06,1,1,1
4929,12768,20,95338.69,1,0,0
40,21256,20,29338.23,1,1,1
9272,10277,22,10967.39,1,1,1
6619,15456,10,100653.7,0,0,1
889,10412,24,39623.16,1,1,1
464,15253,10,57965.53,1,1,1
6520,14827,16,99551.03,1,0,0
569,19755,24,45658.62,1,1,1
6041,13050,18,83074.58,1,0,0
7594,16606,19,87589.48,0,0,1
2147,11975,22,89030.78,0,0,1
5296,8325,17,71266.85,1,0,0
1156,10564,23,41693.29,1,1,1
2472,10796,17,84739.61,0,0,1
1697,4149,21,88551.27,0,0,1
5070,12606,11,29449.19,1,1,1
2125,6379,22,41497.36,0,1,0
1681,9529,19,100463.02,1,0,0
2782,8062,14,55399.23,1,1,1
9143,15562,9,67415.69,0,0,1
4513,6240,24,92194.98,0,0,1
9390,5758,15,110000.8,1,1,1
164,24462,13,83884.53,0,0,1
9652,15565,18,62860.37,0,0,1
6935,13224,12,71440.84,0,0,1
4822,13411,21,24849.98,1,1,1
5388,11033,24,51573.85,1,1,1
799,18076,17,50313.96,0,1,0
9382,9637,15,48785.67,1,1,1
4149,10647,16,85299.24,1,0,0
6639,10637,22,109586.75,1,1,1
1091,22819,20,28720.22,1,1,1
2520,9842,11,101737.01,1,1,1
3041,11918,23,52601.16,0,1,0
2921,10269,18,54418.1,0,1,0
1097,24691,24,41478.58,1,1,1
1131,16775,21,46319.21,1,1,1
1354,11114,23,19093.59,1,1,1
350,18208,22,48176.44,1,1,1
4819,6175,5,82551.61,1,0,0
9881,24902,17,18628.5,1,1,1
2835,11622,20,29028.7,1,1,1
5131,8479,18,58906.09,0,1,0
6998,9789,22,30726.81,1,1,1
6977,20101,13,52107.63,0,1,0
6903,16605,23,66892.39,1,0,0
3817,14728,24,58470.55,1,1,1
1151,12635,13,93446.26,0,0,1
1826,15918,19,84992.07,0,0,1
1009,10682,20,49478.36,1,1,1
5408,6546,24,74784.54,1,0,0
2055,9811,20,41785.06,0,1,0
7387,25868,22,92170.65,0,0,1
5919,15847,22,98147.0,0,0,1
9701,10331,12,70552.45,1,0,0
9322,19390,8,41588.51,1,1,1
357,19395,22,61876.6,0,0,1
3597,13160,19,47449.88,1,1,1
3657,11508,16,40407.53,1,1,1
5540,10408,9,52685.72,1,1,1
2478,10825,23,84758.99,1,0,0
8589,19678,9,84614.3,0,0,1
8475,21412,20,30572.94,1,1,1
4064,19563,9,103135.4,1,0,0
6738,9241,13,83804.85,0,0,1
666,5977,16,93325.37,0,0,1
677,19064,16,68562.61,0,0,1
712,12968,22,47279.05,0,1,0
738,9242,23,97969.32,1,0,0
2092,16023,23,41707.94,1,1,1
9920,8562,19,79209.5,1,0,0
7960,4564,14,40435.2,1,1,1
684,12351,20,51097.21,1,1,1
461,22558,20,62955.76,0,0,1
9568,12404,24,69982.84,1,0,0
5832,11384,15,84050.01,0,0,1
7263,13854,21,35586.53,1,1,1
6537,27948,16,39685.45,1,1,1
5191,22624,22,4148.36,1,1,1
512,16270,18,86648.92,0,0,1
9824,12620,20,85561.95,1,0,0
9010,13840,12,39190.53,1,1,1
6335,8827,21,88909.49,1,0,0
3908,10454,21,71772.42,0,0,1
9173,9379,22,43447.51,1,1,1
5342,11453,9,71585.1,0,0,1
697,14753,24,84121.67,1,0,0
5087,16567,16,82408.37,0,0,1
5927,16901,16,30563.08,1,1,1
5626,7370,21,37861.44,1,1,1
8162,7810,15,71941.48,0,0,1
2036,16022,21,99192.02,0,0,1
5258,6974,19,81347.28,1,0,0
6570,9387,21,31395.84,1,1,1
4132,15419,21,97749.07,0,0,1
2813,12103,22,31212.02,1,1,1
7023,10622,23,79169.91,0,0,1
664,11450,15,91190.27,0,0,1
3451,24062,17,30104.53,1,1,1
6467,8834,19,57375.14,1,1,1
3632,12591,16,60511.93,0,1,0
1712,6869,7,82061.9,0,0,1
1318,11814,24,82032.74,1,0,0
6475,11516,21,79969.66,0,0,1
4956,13780,15,37632.72,1,1,1
2903,20246,21,47063.92,1,1,1
3311,10927,24,43982.89,1,1,1
4878,8799,18,92803.33,1,0,0
7714,12561,21,58732.55,1,1,1
450,11304,19,83964.09,1,0,0
2738,9122,17,42121.53,1,1,1
6437,18155,19,110187.07,1,1,1
9641,15312,22,63679.64,0,0,1
4652,10997,17,90044.89,1,0,0
5782,20978,16,54980.62,1,1,1
1163,14354,13,39960.44,1,1,1
6219,12718,19,50502.81,1,1,1
859,17744,13,89442.04,0,0,1
2373,16878,10,85709.39,0,0,1
6590,14172,16,23973.44,1,1,1
4032,22190,20,92648.32,0,0,1
8748,13914,20,45788.95,1,1,1
5082,4985,11,62485.13,0,1,0
2450,11877,24,60854.44,0,1,0
1295,14716,24,47931.79,1,1,1
9303,9620,23,74264.61,0,0,1
4493,23057,17,25981.75,1,1,1
7167,15378,19,34883.85,1,1,1
7316,15295,7,58119.96,0,1,0
5441,15676,18,109497.05,1,1,1
4825,25169,24,98990.37,0,0,1
9438,9662,18,38549.47,1,1,1
2516,9996,23,53613.79,1,1,1
997,9879,11,79243.13,1,0,0
2848,19452,24,25187.74,1,1,1
9283,18433,21,33008.44,1,1,1
9871,18217,12,71594.69,0,0,1
9878,11045,9,79873.47,0,0,1
7642,11455,22,99639.27,0,0,1
3754,6735,10,34176.5,1,1,1
9262,22902,18,92917.67,0,0,1
6633,7308,11,96687.3,0,0,1
9707,13578,6,42745.2,1,1,1
5314,11477,21,84824.24,1,0,0
5581,12115,11,99103.58,1,0,0
1701,22795,21,69533.25,0,0,1
2577,8855,23,16621.95,1,1,1
1890,6221,23,64367.05,1,1,1
7353,14130,20,67030.93,0,0,1
1833,19437,22,57074.28,1,1,1
553,13097,18,67815.16,0,0,1
5210,15075,14,65664.78,0,0,1
1673,10598,8,44994.69,1,1,1
585,20444,8,55775.43,0,1,0
6445,11676,22,35277.07,1,1,1
606,16926,20,32230.06,1,1,1
2385,18377,6,99232.86,0,0,1
8938,10045,22,21041.66,1,1,1
7366,12637,20,24759.78,1,1,1
2020,6222,19,100352.6,1,1,1
3396,16409,14,58064.07,1,1,1
8635,7676,16,45509.9,0,1,0
3467,10639,14,86862.34,0,0,1
4131,11853,19,80770.04,1,0,0
6054,19388,23,93555.61,0,0,1
7148,15126,11,108269.38,1,1,1
7723,18879,13,68938.31,0,0,1
378,17583,21,71901.77,0,0,1
5853,20468,10,104850.88,0,1,0
4396,8126,12,44814.36,1,1,1
1962,25043,22,40280.75,1,1,1
1829,6537,23,76168.87,1,0,0
2413,9277,13,54340.25,0,1,0
4587,9207,18,50166.96,1,1,1
4191,12434,20,81225.67,1,0,0
9689,6235,7,79324.79,0,0,1
4553,10047,23,57578.8,1,1,1
3070,6353,14,30063.35,1,1,1
1257,13074,20,80609.54,0,0,1
5525,13646,21,41732.94,1,1,1
376,14911,17,69926.45,0,0,1
4526,16961,11,64992.98,1,0,0
3732,10542,18,81618.38,0,0,1
7523,24603,18,51247.98,1,1,1
7383,10544,14,31689.5,1,1,1
6994,12599,11,70661.59,0,0,1
2160,7638,21,90980.41,0,0,1
2935,14198,23,26946.66,1,1,1
2665,10333,18,29000.26,1,1,1
4771,13781,16,78319.55,1,0,0
9520,11841,21,19328.08,1,1,1
4045,10850,21,51452.65,1,1,1
2641,11916,16,92688.46,1,0,0
6477,17734,11,89438.8,0,0,1
6368,9053,13,49770.93,1,1,1
4498,17180,13,29227.3,1,1,1
5743,23179,24,24222.03,1,1,1
7406,16478,21,65815.01,0,0,1
358,10008,23,10523.62,1,1,1
4001,7832,20,93042.38,1,0,0
8396,14632,16,76585.4,0,0,1
1728,12618,21,14252.16,1,1,1
2943,12257,12,69443.55,0,0,1
8937,6539,15,40896.05,1,1,1
7923,11005,19,27701.94,1,1,1
5669,15664,19,62793.28,0,0,1
9139,9651,17,93547.51,0,0,1
7143,22186,22,81293.96,0,0,1
6216,21754,20,7742.22,1,1,1
1887,16648,24,86659.58,0,0,1
5731,13162,23,70287.19,1,0,0
212,11143,14,97110.55,1,0,0
2812,13956,17,69013.7,1,0,0
2498,16673,20,69730.08,0,0,1
4837,4388,13,113501.11,1,1,1
312,13282,19,93591.27,1,0,0
2499,19870,19,36566.06,1,1,1
6464,10114,14,86916.84,1,0,0
42,12108,14,41296.05,0,1,0
161,6762,14,64096.95,0,1,0
6117,13422,12,103850.21,1,1,1
482,9902,14,45362.91,1,1,1
7645,21869,24,15993.53,1,1,1
3273,17803,11,81347.39,0,0,1
4861,15919,21,96020.28,0,0,1
2151,7735,9,35421.7,1,1,1
221,10775,20,80657.07,1,0,0
8745,11923,7,114914.16,1,1,1
8528,15879,13,80004.53,0,0,1
4946,10580,20,95163.55,0,0,1
1765,24639,12,65778.8,1,0,0
6472,17782,20,103679.44,1,0,0
9703,16370,15,93443.56,0,0,1
9751,14631,17,40749.63,1,1,1
9989,11431,5,42869.06,1,1,1
9792,15324,16,40155.02,1,1,1
2187,13707,23,59917.08,1,1,1
7275,7059,21,80877.91,1,0,0
8242,20231,10,95541.23,0,0,1
5910,9815,9,118929.72,0,1,0
3241,19635,22,25012.15,1,1,1
337,10307,13,75308.4,1,0,0
9026,15430,23,35798.07,1,1,1
4575,8458,19,87868.1,1,0,0
1878,14833,22,45935.91,0,1,0
3302,11518,14,59461.67,1,1,1
9835,18348,22,63948.91,0,0,1
3986,18071,24,76164.56,0,0,1
2922,17318,15,99999.08,0,0,1
4153,24424,24,8667.55,1,1,1
6781,15024,15,98766.81,0,0,1
9521,16163,16,40717.12,1,1,1
8398,7497,24,69959.57,1,0,0
5307,16912,24,93204.68,0,0,1
9925,8249,21,84614.3,0,0,1
6731,14588,22,28676.35,1,1,1
3002,20728,17,75167.4,0,0,1
4401,13269,20,117173.64,1,1,1
9149,12131,21,73722.14,1,0,0
9034,15792,13,88423.98,0,0,1
5723,5358,12,37158.94,1,1,1
7724,20484,9,47422.31,0,1,0
6771,13920,11,42703.49,1,1,1
9635,17213,23,66903.46,0,0,1
7438,14544,10,92116.42,0,0,1
1579,17626,19,81389.27,0,0,1
1942,11587,18,80468.33,0,0,1
6745,11743,21,74858.78,0,0,1
9273,15512,19,56960.77,1,1,1
318,7293,23,67026.41,1,0,0
3067,11912,21,79809.92,0,0,1
5099,17081,24,88341.08,0,0,1
4859,22518,21,52023.4,1,1,1
3906,13791,13,103179.47,1,1,1
6016,20594,22,77784.26,0,0,1
4734,11113,22,58207.71,1,1,1
99,22968,18,95676.08,0,0,1
7812,17668,24,74024.1,0,0,1
6704,15415,22,63037.25,0,0,1
6400,13004,8,75968.53,1,0,0
7562,20161,19,83094.32,0,0,1
1231,13613,12,89468.86,1,0,0
9299,12943,22,65856.23,0,0,1
4920,6581,21,49877.29,1,1,1
3539,20990,23,83343.08,0,0,1
223,25049,21,23448.52,1,1,1
1775,18627,20,72691.14,0,0,1
797,12348,13,37244.93,1,1,1
4678,16190,12,52192.4,1,1,1
8284,11330,10,88281.54,0,0,1
8406,26595,23,32290.74,1,1,1
4851,10179,24,71199.15,1,0,0
5851,12523,23,64898.92,1,0,0
4844,12380,11,78426.79,1,0,0
6416,30729,15,22003.01,1,1,1
7581,8658,17,66619.23,1,0,0
1229,14407,21,68763.17,0,0,1
2216,4833,23,67158.01,1,1,1
5894,11110,19,41751.89,1,1,1
2327,10738,16,41929.93,0,1,0
779,8860,15,97824.01,0,0,1
2988,9179,22,25026.99,1,1,1
2337,9363,13,111509.12,0,1,0
4133,17620,17,53434.29,1,1,1
6772,14365,22,77877.41,0,0,1
7017,20460,20,48269.75,1,1,1
2456,16184,14,90854.98,0,0,1
820,20915,15,73355.27,0,0,1
8291,9172,24,34593.37,1,1,1
6629,8046,14,84872.93,0,0,1
6321,12690,10,50941.96,1,1,1
6347,12116,16,23483.61,1,1,1
172,7735,15,37220.88,1,1,1
3526,14779,17,86062.39,1,0,0
5196,14496,24,43858.16,0,1,0
6484,10068,16,43173.92,1,1,1
2827,10758,24,84518.74,0,0,1
6479,6305,17,71329.22,1,0,0
7738,10033,18,72173.1,0,0,1
1940,8104,9,88285.54,1,0,0
7588,11477,20,35635.77,1,1,1
6919,17217,24,106556.62,1,1,1
3397,21416,13,79135.58,0,0,1
1918,8291,23,36509.09,1,1,1
2248,7613,24,72864.39,1,0,0
9929,9313,22,73950.46,1,0,0
2464,19288,19,103641.53,1,0,0
6012,12811,19,34890.17,1,1,1
6684,17033,24,68427.53,0,0,1
6579,12507,15,70766.35,0,0,1
5831,32090,22,76131.04,1,0,0
9228,15033,11,105183.24,1,1,1
8685,10791,7,105971.42,0,1,0
7266,17359,23,92406.97,0,0,1
9459,11809,9,56133.79,1,1,1
4615,21933,22,46781.83,1,1,1
3125,15497,19,26525.37,1,1,1
3766,13805,23,64876.34,0,0,1
7455,13506,8,110733.57,1,1,1
7896,9924,20,68900.81,1,0,0
9902,11958,21,79477.79,1,0,0
8230,20599,22,23668.79,1,1,1
549,18282,24,69907.81,1,0,0
2662,16143,14,63474.78,0,0,1
8925,12575,22,84246.6,0,0,1
1633,29780,16,102599.67,1,0,0
2199,18688,23,72616.11,0,0,1
4864,10197,13,67971.4,1,0,0
3143,12782,16,32399.56,1,1,1
7326,20178,21,81087.4,0,0,1
3437,9138,21,60098.61,1,1,1
9210,21585,19,54187.82,1,1,1
9307,8046,13,38109.89,1,1,1
3549,17586,11,89662.0,0,0,1
7874,18752,15,49678.67,1,1,1
1458,9264,17,101898.02,1,1,1
714,6424,17,71871.52,1,0,0
6877,11442,20,9599.4,1,1,1
6505,15005,22,56551.67,1,1,1
5755,23973,24,46827.55,1,1,1
8015,14651,18,16972.51,1,1,1
5534,13164,22,100587.47,1,0,0
1516,14743,21,86684.16,1,0,0
4960,17711,18,46283.41,0,1,0
2246,9603,13,71671.05,1,0,0
7409,22806,22,68290.29,0,0,1
2514,12643,18,34884.44,1,1,1
2646,15754,18,92643.42,0,0,1
8710,16646,21,25880.19,1,1,1
3980,12788,24,105765.67,1,1,1
6917,13259,11,38721.73,1,1,1
8698,9281,18,71911.87,1,0,0
6342,17146,8,103116.75,1,0,0
4373,8446,18,53351.67,1,1,1
6498,8088,11,83316.83,1,0,0
9823,18377,20,76214.9,0,0,1
7171,17937,15,69857.21,0,0,1
9350,17789,22,41146.42,1,1,1
3575,6918,9,66737.28,1,0,0
7116,13863,22,47023.02,1,1,1
9096,16852,20,63458.77,0,0,1
3684,18121,23,21336.35,1,1,1
3686,15620,23,21187.74,1,1,1
9648,7739,19,101131.91,1,1,1
5019,17107,22,52557.61,1,1,1
1699,10103,12,100340.85,1,0,0
2303,7513,11,111496.75,1,1,1
3901,18218,12,53260.4,1,1,1
8090,10991,14,67827.12,1,0,0
8132,9993,23,76076.14,0,0,1
2623,16137,7,49053.77,1,1,1
524,19354,19,56185.73,1,1,1
8721,14022,21,85195.84,0,0,1
6665,7459,21,30354.6,1,1,1
8401,7098,21,28710.56,1,1,1
3651,13437,15,49261.68,0,1,0
7343,11786,19,91576.2,1,0,0
340,7608,15,72921.91,0,0,1
6719,24607,19,33249.1,1,1,1
7284,18892,21,48377.85,0,1,0
4907,18059,16,59807.2,1,0,0
3619,8022,18,58520.62,0,1,0
8587,20185,22,63460.45,0,0,1
2111,24409,22,28161.66,1,1,1
8909,16086,22,11802.81,1,1,1
1721,18084,23,49272.53,1,1,1
5351,18723,19,70131.25,0,0,1
8950,8493,15,90474.64,0,0,1
9628,15864,21,51707.37,1,1,1
3953,12790,22,75225.94,0,0,1
7289,12370,16,88743.67,1,0,0
7218,4806,15,102967.28,1,1,1
2511,8604,23,45128.45,1,1,1
1974,17335,19,43034.65,1,1,1
1344,19004,22,78497.57,0,0,1
7547,10917,15,41113.29,1,1,1
7939,13726,24,25588.03,1,1,1
6378,7237,24,75076.46,0,0,1
1414,12646,14,95226.32,0,0,1
6048,20298,21,11745.93,1,1,1
5988,11502,9,58454.78,1,1,1
6301,19543,18,49257.62,1,1,1
8236,12522,15,71149.77,0,0,1
1381,13939,20,80521.99,0,0,1
7985,10404,24,41695.55,1,1,1
7538,9192,23,82975.58,1,0,0
1704,10407,20,99553.56,0,0,1
7009,9884,13,56719.8,1,1,1
1662,23043,24,96436.56,0,0,1
1576,10793,17,83844.43,1,0,0
6871,18672,18,106643.74,1,1,1
4834,14396,24,76952.38,1,0,0
218,7796,23,73067.51,1,0,0
8638,10323,17,39581.18,1,1,1
9742,18691,23,54736.45,1,1,1
8549,8150,23,80937.02,0,0,1
4054,16487,18,83226.86,0,0,1
9318,9711,10,106675.7,1,1,1
7872,12240,23,59065.35,1,1,1
4345,11112,21,56208.06,1,1,1
6226,11920,18,45846.43,1,1,1
7981,26567,13,103497.8,1,0,0
4869,20669,21,60543.5,0,0,1
5141,18980,10,50731.62,1,1,1
5157,14945,21,57088.98,1,1,1
6310,15506,21,101445.17,0,0,1
7290,22162,24,57432.59,1,1,1
7576,9996,15,78087.41,0,0,1
2791,10059,24,66059.65,0,0,1
7928,17614,21,36986.14,1,1,1
3325,13344,13,86079.59,0,0,1
3192,11169,24,36509.81,1,1,1
9434,10654,13,44703.18,1,1,1
8730,26089,13,36220.39,1,1,1
5192,14608,15,91598.96,1,0,0
7975,17656,18,55540.79,0,1,0
8329,19620,20,19916.43,1,1,1
4693,11058,12,40523.07,1,1,1
8529,12022,20,18192.36,1,1,1
6438,16758,21,59954.46,1,1,1
6894,10120,14,58536.35,1,1,1
6638,8984,23,72289.79,1,0,0
2508,7156,16,54373.75,1,1,1
2235,15995,17,74453.36,0,0,1
8903,18224,22,39300.99,1,1,1
6588,9584,23,86309.99,1,0,0
487,20297,18,85506.78,0,0,1
4409,16016,21,77644.45,0,0,1
8003,13688,24,48097.0,0,1,0
4028,7534,23,63552.2,0,1,0
8331,10080,13,57963.68,0,1,0
5562,19282,24,36234.88,1,1,1
4220,11232,21,76632.55,0,0,1
1953,15055,13,84159.34,0,0,1
2030,10089,14,78324.7,0,0,1
2284,20871,14,59405.04,1,0,0
5108,19393,7,72949.56,0,0,1
36,15991,19,61589.78,0,0,1
5463,11507,24,54667.65,0,1,0
7858,22390,20,80577.93,1,0,0
8595,10703,20,88256.9,0,0,1
1759,12402,16,76954.59,0,0,1
9163,7281,20,82154.39,0,0,1
5080,21102,15,104620.18,0,0,1
4782,10405,18,49178.3,1,1,1
8043,24355,24,72397.03,0,0,1
7078,15475,16,69611.53,0,0,1
9748,14284,21,61914.94,0,0,1
1886,13591,20,95985.94,1,0,0
45,14670,14,64387.6,0,0,1
3671,10539,24,61409.61,1,1,1
206,18390,12,53963.73,1,1,1
8150,20553,24,98603.25,0,0,1
5403,24756,23,23295.97,1,1,1
6551,15564,18,62874.07,0,0,1
1232,15543,23,30266.4,1,1,1
8510,11360,13,65225.61,1,0,0
234,28868,9,54764.77,0,1,0
3166,14261,23,59335.0,1,1,1
1118,12143,20,82002.76,1,0,0
2920,18080,22,10976.19,1,1,1
5680,27182,5,87247.96,0,0,1
6853,15382,6,51056.16,1,1,1
9688,13279,22,68056.52,1,0,0
6019,17211,16,24036.67,1,1,1
5811,12691,17,50101.8,1,1,1
4987,12717,16,70809.5,1,0,0
6664,16483,16,24376.36,1,1,1
7755,13853,22,23422.05,1,1,1
170,14425,15,100872.41,0,0,1
2091,19124,15,47123.84,1,1,1
5766,10869,14,74758.15,0,0,1
3135,16528,22,69874.56,0,0,1
316,14001,12,81849.27,0,0,1
7948,17122,14,34455.25,1,1,1
3646,18038,16,91191.2,0,0,1
3610,22529,13,87101.79,0,0,1
5674,9857,20,94945.21,1,0,0
4438,13296,7,104060.12,1,1,1
3392,15021,24,61784.04,0,0,1
5496,13934,19,56317.17,1,1,1
3563,5979,22,44797.14,1,1,1
3101,19498,12,64111.07,0,0,1
1767,11245,23,47230.21,1,1,1
1518,13123,21,51647.99,1,1,1
9884,14536,16,84023.9,0,0,1
7376,13311,18,81507.95,1,0,0
3163,11056,8,48350.84,1,1,1
9392,16250,15,45418.25,1,1,1
6476,13713,24,51976.9,1,1,1
1545,11712,10,66295.64,0,0,1
4358,10022,13,39602.55,1,1,1
4459,17332,19,30006.84,1,1,1
3748,16992,19,75066.34,0,0,1
3777,17388,19,97618.3,0,0,1
4434,13741,13,68031.78,0,0,1
8078,13848,22,87528.64,1,0,0
17,22052,11,28007.36,1,1,1
5891,9875,16,78558.45,0,0,1
5888,13793,14,72601.75,1,0,0
2968,16347,14,76476.75,0,0,1
72,10358,22,33596.02,1,1,1
6508,8086,21,83028.28,0,0,1
4424,10021,18,37152.79,1,1,1
489,9993,17,55055.51,1,1,1
3784,19871,10,101234.08,0,0,1
9574,8030,14,95727.08,0,0,1
8572,16666,19,21166.29,1,1,1
1671,11188,8,91818.91,0,0,1
8056,8750,18,100673.84,1,1,1
5472,14505,23,63258.5,0,0,1
4333,19241,23,18992.94,1,1,1
8951,11971,17,45179.3,1,1,1
1565,9240,6,58838.82,1,1,1
2338,8800,11,78673.03,1,0,0
1278,21152,20,98751.05,0,0,1
4457,4752,13,104949.34,0,1,0
2170,10905,8,98271.65,1,0,0
6324,17946,24,33273.89,1,1,1
6867,9383,16,70072.72,1,0,0
8682,15689,19,38270.8,1,1,1
8793,18360,23,104688.45,1,1,1
155,11770,8,64465.21,1,0,0
6421,20378,24,79947.11,0,0,1
6399,14377,18,71485.36,0,0,1
5692,16099,22,42481.06,1,1,1
754,12650,17,68274.8,0,0,1
5060,10975,19,104987.51,1,1,1
995,11960,22,103527.2,1,1,1
9799,14211,20,11551.72,1,1,1
3346,9248,15,48981.07,1,1,1
6087,10643,11,76187.99,0,0,1
3109,15015,20,28037.36,1,1,1
3415,14032,21,21910.68,1,1,1
3258,13322,15,92668.05,1,0,0
2349,12703,10,88129.31,1,0,0
4330,21853,18,32065.47,1,1,1
2035,15246,12,42443.65,1,1,1
2616,18633,8,54826.14,1,1,1
4818,26601,18,104890.17,1,0,0
485,23919,20,51853.51,1,1,1
8142,12442,16,83216.31,1,0,0
5290,7694,23,98845.8,1,0,0
7627,8285,16,64608.92,0,1,0
225,22207,16,71532.28,0,0,1
834,6535,7,69811.07,0,0,1
8334,7781,15,79165.35,1,0,0
7937,20953,12,46030.51,1,1,1
1813,13678,13,86166.39,1,0,0
9338,20689,18,54703.25,1,1,1
6814,10549,17,90699.54,1,0,0
5511,11876,15,82336.21,1,0,0
3502,9580,19,91304.2,0,0,1
3450,13531,21,46095.54,1,1,1
274,10572,13,50146.34,0,1,0
7486,17798,9,65267.43,0,0,1
7721,18430,18,22852.8,1,1,1
6154,20749,23,81819.66,0,0,1
1761,10917,24,88919.28,0,0,1
9001,13375,20,57312.82,0,1,0
5820,9906,12,62473.97,1,1,1
4164,22735,14,105561.25,1,1,1
4000,18689,20,32978.03,1,1,1
4984,16823,22,87435.79,0,0,1
8411,14404,22,49690.72,0,1,0
980,8123,24,100400.57,0,1,0
6527,10274,9,45940.75,1,1,1
6329,25892,13,39578.66,1,1,1
6544,10624,18,76838.86,0,0,1
8476,25152,20,49972.88,1,1,1
7176,16490,11,47635.29,1,1,1
5974,17187,23,6487.69,1,1,1
1751,24662,8,93933.8,0,0,1
4669,10524,21,88231.66,0,0,1
4578,12742,16,71798.96,1,0,0
4814,19966,20,31148.0,1,1,1
7549,12121,15,30487.2,1,1,1
690,9795,16,77192.03,1,0,0
8834,12219,21,74728.97,1,0,0
4134,22595,15,58220.73,0,0,1
1634,9797,18,36884.55,1,1,1
4592,9806,10,73416.27,1,0,0
4500,11281,22,85786.28,0,0,1
4740,14783,14,33450.0,1,1,1
1663,18388,13,92996.11,0,0,1
4963,17814,24,69065.62,0,0,1
4685,11491,16,71290.66,1,0,0
7800,15931,24,100297.78,1,0,0
2394,16465,22,86019.19,0,0,1
930,13416,10,60247.18,1,1,1
9265,14604,15,61366.86,0,1,0
6904,13492,17,102008.03,0,0,1
5804,16531,22,66585.5,1,0,0
2529,6388,15,45038.34,0,1,0
4308,24845,14,69482.04,0,0,1
5964,15045,23,88769.82,0,0,1
6291,15900,18,31243.55,1,1,1
4733,11497,17,56395.41,0,1,0
2306,13725,7,37671.0,1,1,1
9821,13478,17,60206.41,0,1,0
4886,11332,19,57590.35,0,1,0
4120,13056,9,40517.6,1,1,1
9684,12718,21,107478.45,1,1,1
1776,13837,11,62679.52,0,0,1
9947,13017,21,40235.85,1,1,1
1402,16458,19,90058.35,0,0,1
8371,9576,21,26789.44,1,1,1
2005,11734,17,23322.97,1,1,1
193,12030,23,64021.74,0,0,1
5602,6139,15,91497.96,1,0,0
8751,5711,19,89297.4,1,0,0
5846,11330,23,65355.01,1,0,0
4440,15439,21,40639.72,1,1,1
807,8978,19,47033.03,1,1,1
371,7854,13,53441.7,0,1,0
4232,14435,19,80658.88,0,0,1
5624,14028,24,17247.18,1,1,1
1841,11607,20,101871.63,0,1,0
7103,5741,10,97905.46,0,0,1
8046,9449,16,78942.46,1,0,0
2888,19431,22,80042.69,0,0,1
9619,8092,24,46430.39,0,1,0
1660,17936,13,36074.71,1,1,1
5789,12228,17,43197.96,1,1,1
4544,15665,17,89715.92,0,0,1
6799,12018,16,24734.23,1,1,1
7495,13209,14,55149.82,1,1,1
7404,10280,15,51728.53,1,1,1
3534,10034,21,104863.39,1,1,1
721,17176,21,63153.7,0,0,1
389,12209,24,82718.96,1,0,0
9664,14926,19,50999.25,1,1,1
306,9832,19,65502.27,0,0,1
7871,18390,17,20339.56,1,1,1
2836,6619,24,32650.28,1,1,1
1566,14162,9,40384.93,1,1,1
998,19815,20,81901.23,0,0,1
9730,10705,13,98933.72,0,0,1
5861,15256,24,37741.81,1,1,1
2668,12900,14,98254.31,1,0,0
9841,8839,20,75283.02,0,0,1
4930,24020,23,77751.09,0,0,1
4056,12884,18,100927.88,1,0,0
7464,13185,17,42073.91,0,1,0
6844,9104,22,55848.49,1,1,1
4031,13731,11,73525.36,0,0,1
2291,17125,21,87077.74,0,0,1
5943,14489,24,89115.67,1,0,0
4937,21986,23,102440.97,0,0,1
6855,13696,16,72236.91,1,0,0
9532,13953,24,90733.54,0,0,1
1377,12077,17,45418.09,0,1,0
2265,16104,9,107648.61,1,1,1
7653,12902,23,53407.9,1,1,1
3731,12047,22,26429.45,1,1,1
1421,10689,21,29667.92,1,1,1
1830,22100,24,33996.57,1,1,1
8120,11710,22,51007.83,1,1,1
347,28770,23,42270.45,1,1,1
8352,8364,7,93514.83,0,0,1
3073,17678,21,74339.5,0,0,1
7944,12422,22,103806.02,0,1,0
7798,22826,21,68175.98,0,0,1
7400,20305,24,88386.86,0,0,1
8691,21974,23,94369.76,1,0,0
9281,11993,19,90503.0,0,0,1
1668,16211,17,86566.33,0,0,1
6808,10121,17,43343.58,0,1,0
4020,7902,18,43879.19,1,1,1
5312,13022,7,55515.55,1,1,1
812,14845,23,29982.33,1,1,1
8213,15803,17,40227.33,1,1,1
6787,11253,22,37025.38,1,1,1
8746,16301,15,62790.21,0,0,1
8784,15421,11,109535.71,1,1,1
8008,6073,22,108958.94,0,1,0
6032,18465,22,38911.5,1,1,1
9385,12915,24,74118.42,1,0,0
9563,16749,16,56399.79,0,1,0
401,11124,16,55680.57,0,1,0
6123,14300,21,63088.93,0,0,1
60,15590,22,34985.57,1,1,1
6049,15132,18,84472.01,0,0,1
7240,10678,12,65761.7,1,0,0
9780,12157,20,55152.07,1,1,1
9900,26557,15,86906.99,0,0,1
6275,13064,13,39598.96,1,1,1
1286,11214,16,110425.7,0,1,0
7853,10472,18,35237.53,1,1,1
6835,17686,20,59274.47,1,1,1
9618,15762,13,63683.88,0,0,1
868,13565,18,58802.03,1,1,1
3782,16086,22,107334.81,1,1,1
6431,12737,21,51946.19,1,1,1
2001,6172,17,95105.47,1,0,0
2038,10315,21,28187.24,1,1,1
2916,11771,19,97856.09,0,0,1
6718,6392,19,92487.49,0,0,1
6559,16095,19,77989.67,0,0,1
4225,13758,14,71498.83,0,0,1
7572,13584,17,79257.82,0,0,1
7052,15869,9,60199.49,0,1,0
2902,12201,20,66442.74,1,0,0
8711,9589,19,25936.24,1,1,1
6326,12107,24,59877.7,0,1,0
4804,14250,19,69044.56,0,0,1
2271,11289,16,37932.18,1,1,1
5687,24987,20,35178.45,1,1,1
8453,16559,19,39433.15,1,1,1
3482,13153,9,44497.2,0,1,0
9419,8735,22,116985.14,0,1,0
3952,11349,13,64402.49,0,0,1
1810,15953,23,48178.74,1,1,1
7390,16024,19,105134.59,1,1,1
2817,7562,22,67692.65,1,0,0
6965,20691,15,76915.63,0,0,1
7570,9281,11,46279.27,1,1,1
3225,11913,15,88938.41,0,0,1
5401,19342,20,29886.44,1,1,1
6663,14097,18,57870.98,1,1,1
7299,22413,12,54041.92,0,1,0
5998,12822,16,88156.67,0,0,1
8343,10245,10,32046.01,1,1,1
904,18221,21,48439.62,0,1,0
3727,18697,15,68907.5,0,0,1
6988,18949,22,97829.43,0,0,1
4992,15897,19,95495.73,0,0,1
8378,10721,22,71509.64,1,0,0
2882,18840,15,56030.11,0,1,0
3672,11819,23,65437.31,0,0,1
8083,12795,10,42759.83,1,1,1
6395,14565,14,74752.8,1,0,0
4777,10331,16,76035.41,1,0,0
4004,7659,23,70026.59,1,0,0
6008,11724,18,38770.27,1,1,1
5268,15174,15,46089.67,1,1,1
2421,14800,22,44323.82,0,1,0
1968,21204,22,21534.53,1,1,1
5796,15780,21,88979.88,0,0,1
3176,7791,24,82774.62,1,0,0
2013,9699,24,81732.27,1,0,0
4797,12366,24,26835.88,1,1,1
3042,12364,11,43441.39,1,1,1
3008,12587,21,99715.25,0,0,1
6122,10525,13,70992.17,0,0,1
7953,9956,18,45936.48,0,1,0
5092,11393,23,66401.87,0,0,1
1808,21290,24,28816.61,1,1,1
5852,11041,18,83770.84,1,0,0
2978,5883,22,32509.42,1,1,1
9980,9246,16,52601.44,1,1,1
3205,16318,6,62909.59,0,0,1
220,10753,22,64984.26,0,0,1
9646,13269,19,28638.79,1,1,1
1613,15847,22,51513.8,1,1,1
1078,10524,17,99763.6,1,0,0
6889,9245,23,30017.17,1,1,1
4705,12353,17,27390.88,1,1,1
2163,13363,16,22628.07,1,1,1
9018,15717,17,33967.01,1,1,1
2819,14276,21,11627.5,1,1,1
7752,21017,22,102345.62,1,0,0
8718,18257,24,62635.88,0,0,1
7846,10163,10,100516.65,1,0,0
8370,17833,16,27668.57,1,1,1
9091,25334,16,52236.13,1,1,1
1309,12592,15,50000.23,1,1,1
5746,16904,13,64793.81,0,0,1
2453,13095,21,67618.65,0,0,1
204,15667,22,82931.27,0,0,1
1983,14739,17,90403.36,1,0,0
3561,26583,10,81930.17,0,0,1
8417,15608,13,60766.54,0,1,0
2000,12549,23,90064.6,1,0,0
5418,6901,19,48019.15,1,1,1
6978,8347,23,85148.65,1,0,0
4325,13381,7,79062.38,0,0,1
2237,22685,21,62244.07,0,0,1
7980,7498,16,44378.4,1,1,1
1981,9646,24,110461.58,0,1,0
8713,26085,10,77957.51,0,0,1
1921,5146,24,22582.04,1,1,1
374,13337,18,59712.76,1,1,1
8857,14690,16,25676.24,1,1,1
4496,8587,23,57110.19,0,1,0
7578,7623,10,61906.32,0,1,0
8651,15992,12,42688.64,1,1,1
6480,14726,17,104775.24,1,1,1
2220,20165,20,64482.44,0,0,1
2078,10852,15,95394.79,0,0,1
1600,20159,19,44353.48,1,1,1
8224,7985,22,96531.08,1,0,0
7746,20262,21,24144.02,1,1,1
6730,13569,20,65522.06,0,0,1
8581,7844,20,32981.44,1,1,1
9660,13391,22,25637.54,1,1,1
5064,8461,8,77472.94,0,0,1
8249,7483,20,70193.91,1,0,0
595,18190,15,50087.6,1,1,1
9015,9016,14,48492.7,0,1,0
7004,14369,15,91092.5,1,0,0
6723,13528,17,72973.99,0,0,1
8913,20214,12,59471.09,1,0,0
1649,7945,22,49433.35,1,1,1
2429,11155,22,106511.87,1,1,1
203,10779,18,60974.59,1,1,1
1466,14078,17,70633.1,1,0,0
3307,8898,17,35312.87,1,1,1
3753,16150,17,52873.77,1,1,1
6410,11218,21,46556.27,1,1,1
303,16587,23,66800.19,0,0,1
1362,11411,17,85108.93,0,0,1
8245,21013,11,109610.39,0,1,0
8031,10914,22,65550.54,1,0,0
1106,14739,14,84495.47,0,0,1
1532,16417,16,47614.18,0,1,0
4982,10622,13,85414.15,0,0,1
6820,14302,16,85541.0,1,0,0
4334,11986,18,51681.7,1,1,1
8279,16251,14,61722.12,0,0,1
4261,9764,23,43684.45,1,1,1
3020,13556,19,48620.65,1,1,1
404,7738,17,98076.26,1,0,0
2587,14138,10,70695.04,0,0,1
5169,19963,19,53157.04,1,1,1
6056,10285,17,58575.21,1,1,1
9677,6881,22,52884.07,1,1,1
8233,15958,17,72452.0,0,0,1
9207,6547,8,69446.0,0,0,1
449,18123,13,60646.51,0,0,1
5043,13610,22,47407.95,1,1,1
7543,6396,21,24678.55,1,1,1
2400,9023,23,18460.81,1,1,1
8833,14026,16,95872.23,1,0,0
8798,21157,20,47619.91,1,1,1
9569,11209,16,66972.18,1,0,0
305,22757,22,99362.45,1,0,0
4684,13140,10,72496.09,1,0,0
2750,10904,18,30551.07,1,1,1
9213,20102,19,36162.63,1,1,1
9267,17884,21,75362.03,0,0,1
9321,8362,15,82919.22,0,0,1
8569,22111,22,45651.67,1,1,1
6059,11451,21,111982.15,1,1,1
9244,9969,19,108423.3,1,1,1
4244,13375,19,36949.02,1,1,1
1398,11953,9,57520.54,1,1,1
9542,13221,10,41976.65,1,1,1
9637,15972,23,17076.49,1,1,1
6761,27107,22,36445.4,1,1,1
9270,15058,13,38647.46,1,1,1
3400,14108,23,18161.06,1,1,1
3761,7127,23,82008.77,1,0,0
5443,15315,24,82821.32,0,0,1
2568,14572,11,116481.55,1,1,1
4361,15109,14,98791.86,0,0,1
4665,18762,16,37520.39,1,1,1
2134,8093,16,50019.26,0,1,0
1560,16802,20,87290.64,0,0,1
1635,14133,12,39608.32,1,1,1
6967,18841,18,97218.47,0,0,1
9479,9048,12,50381.87,1,1,1
5323,19398,19,91721.9,0,0,1
1821,13442,13,106549.04,1,1,1
1095,11022,19,93192.73,1,0,0
7619,22178,22,100891.62,1,0,0
2011,26315,10,63578.49,0,0,1
1104,14786,21,70524.96,0,0,1
574,14178,10,97742.8,1,0,0
7610,14466,24,38889.12,1,1,1
7880,8546,16,70846.78,0,0,1
2062,15458,23,40191.47,0,1,0
6845,11902,22,49781.99,0,1,0
9781,14256,20,63856.13,0,0,1
1201,13948,20,80974.42,0,0,1
9950,10316,12,54638.5,1,1,1
7949,18165,24,29165.24,1,1,1
4201,13278,22,49892.97,1,1,1
4939,7450,19,32295.77,1,1,1
3602,7593,24,81489.91,0,0,1
4944,14315,10,40774.13,1,1,1
8961,10804,13,34391.96,1,1,1
6847,12135,14,106199.48,0,1,0
4285,14875,14,110506.54,0,1,0
645,14989,17,71912.15,1,0,0
6010,18949,20,73665.75,0,0,1
9217,21098,16,60066.42,0,0,1
3637,19253,15,35927.74,1,1,1
6337,10734,7,37987.3,1,1,1
3250,14759,20,14529.47,1,1,1
2977,6511,23,89415.24,1,0,0
8131,10844,23,42997.48,1,1,1
9293,9675,24,28811.44,1,1,1
4520,9364,21,39976.99,1,1,1
3227,11571,22,34007.42,1,1,1
3252,14343,22,105218.93,1,1,1
1542,14926,16,58095.61,0,1,0
1989,11936,14,98962.37,0,0,1
3779,21585,21,33128.74,1,1,1
2914,16194,18,95005.12,1,0,0
5775,19310,14,90014.74,0,0,1
2866,20135,16,85775.65,0,0,1
384,18979,20,27837.75,1,1,1
6920,11729,21,58081.38,0,1,0
8653,14331,22,95470.81,0,0,1
7224,11637,20,20505.0,1,1,1
56,16056,23,106302.54,1,1,1
4616,7615,14,101697.06,1,1,1
7281,18780,18,24221.49,1,1,1
4492,14921,20,56498.09,1,1,1
7000,11354,20,63142.95,0,1,0
8563,16568,10,35226.02,1,1,1
4633,10571,11,45078.42,1,1,1
5563,10306,23,96435.98,1,0,0
2763,16791,18,77624.3,0,0,1
7020,11616,16,69308.02,0,0,1
2676,10477,21,35027.23,1,1,1
1550,12636,19,11991.62,1,1,1
7012,8772,23,58479.95,1,1,1
5921,10444,17,65518.56,0,0,1
2261,9356,13,62779.99,1,1,1
454,9924,23,40858.27,1,1,1
587,10123,9,41081.74,0,1,0
9489,16393,12,51578.25,1,1,1
4902,6903,14,95636.21,0,0,1
101,18472,24,96467.94,0,0,1
1531,19828,21,86246.27,0,0,1
3462,7182,17,49181.36,1,1,1
9221,10772,23,9932.41,1,1,1
2322,9855,23,28341.7,1,1,1
1507,15807,10,33808.02,1,1,1
5897,17833,22,73674.54,0,0,1
2919,24579,21,21369.3,1,1,1
3208,14929,22,83135.84,0,0,1
4303,20957,9,62958.74,0,0,1
2324,14293,17,97347.65,0,0,1
6025,17712,18,49212.89,0,1,0
9974,22710,19,89914.19,0,0,1
5954,9055,13,68969.5,1,0,0
5733,20529,21,75315.05,0,0,1
9746,12404,18,42465.88,1,1,1
790,14284,6,87487.93,0,0,1
397,14024,18,42410.77,1,1,1
1233,20713,13,81979.77,0,0,1
8161,11304,18,43511.05,0,1,0
514,12780,23,23477.18,1,1,1
708,10803,24,39937.5,1,1,1
3226,14880,24,82993.7,0,0,1
1957,23092,15,57636.15,1,0,0
4274,19085,15,59102.54,0,0,1
4898,12313,23,75367.22,1,0,0
5729,18623,18,87118.66,0,0,1
990,10523,24,101704.75,0,1,0
7824,19461,18,80702.38,0,0,1
1161,13327,13,65302.48,1,0,0
8376,7208,24,33833.66,1,1,1
7024,9593,21,75299.81,1,0,0
3136,18471,21,70276.58,1,0,0
6237,19782,22,104821.68,0,1,0
9460,15248,11,55874.51,1,1,1
4147,6756,20,80156.03,1,0,0
2198,11287,16,48538.61,1,1,1
4556,13766,15,112061.25,1,1,1
8559,9995,24,94489.67,1,0,0
2167,11515,13,53867.24,0,1,0
3301,19210,21,34816.41,1,1,1
6502,9587,20,56673.6,1,1,1
3197,15220,16,91529.25,0,0,1
808,16460,14,111319.48,1,1,1
5175,10558,7,73421.61,0,0,1
7508,22389,17,85508.51,0,0,1
7028,14686,24,47810.43,1,1,1
9099,6033,17,53185.19,1,1,1
2129,15322,22,59053.45,1,1,1
6345,14244,12,64029.41,0,0,1
4243,15451,19,65934.62,0,0,1
3536,13303,13,55921.38,0,1,0
7160,12469,19,41806.62,1,1,1
2046,13221,23,79485.96,1,0,0
3771,13090,6,70546.79,0,0,1
5519,9692,17,61515.63,0,1,0
1825,15041,24,97266.88,1,0,0
9562,16172,20,48224.41,0,1,0
370,18855,16,73828.87,0,0,1
8503,16474,21,51185.39,0,1,0
214,12248,22,24341.89,1,1,1
7080,12181,21,30264.59,1,1,1
3238,15173,19,44253.85,0,1,0
8511,7624,10,90106.13,0,0,1
4625,11234,20,27967.96,1,1,1
4502,12789,12,90460.93,1,0,0
5500,9348,14,67901.58,0,0,1
309,19196,19,51048.1,1,1,1
146,13071,17,96076.38,0,0,1
3283,21349,23,89506.28,0,0,1
6795,17838,13,69311.82,0,0,1
440,20345,18,70343.39,0,0,1
4328,7162,19,67433.57,0,0,1
9101,7130,8,82769.39,1,0,0
1964,8511,15,87959.96,1,0,0
8238,8121,14,61215.8,1,1,1
3407,22247,24,85184.33,0,0,1
9818,13664,21,68336.33,0,0,1
2325,11695,24,9071.27,1,1,1
6859,6634,24,84462.26,1,0,0
2142,8971,14,90359.53,0,0,1
3465,13264,22,78344.77,0,0,1
9394,11910,11,96097.48,0,0,1
3917,17762,22,57131.5,1,1,1
9291,12302,22,88284.19,0,0,1
1216,13012,17,72781.72,1,0,0
6929,12736,24,67000.03,0,0,1
1298,22953,13,79217.68,0,0,1
6322,7292,18,87035.2,0,0,1
9496,17693,9,86794.83,0,0,1
2089,25516,18,83418.99,1,0,0
1237,20703,14,93900.55,0,0,1
9829,13003,19,91478.4,1,0,0
4371,13495,21,38940.1,1,1,1
7552,7606,24,36467.8,1,1,1
9052,26874,9,53981.88,0,1,0
1296,16917,9,108165.96,0,1,0
2861,22824,22,75198.84,0,0,1
8192,12474,16,81323.87,0,0,1
1603,20133,17,54333.88,1,1,1
9640,12364,15,82013.75,1,0,0
3054,24230,21,91770.82,0,0,1
6456,14076,12,67539.34,0,0,1
9294,16347,20,95642.3,0,0,1
2356,8068,19,82866.82,0,0,1
8441,29517,17,90849.42,0,0,1
6420,23995,18,44199.77,1,1,1
2350,16552,20,13341.35,1,1,1
5836,17940,24,31380.96,1,1,1
6884,16632,10,102936.53,1,0,0
6170,13505,22,61259.03,0,1,0
5732,21015,17,77981.66,0,0,1
8858,15845,19,42462.28,0,1,0
2924,15281,17,106655.93,1,1,1
7771,17004,22,89654.95,0,0,1
3098,8760,19,79338.22,1,0,0
2143,22478,13,65637.49,0,0,1
3254,10144,24,92513.8,1,0,0
4411,9235,23,49523.22,1,1,1
6198,17470,12,32798.23,1,1,1
9215,14744,24,47073.01,1,1,1
23,7777,20,81831.93,0,0,1
5933,11896,20,50864.13,1,1,1
5840,11896,24,59477.15,1,1,1
3903,10253,17,83509.09,0,0,1
2334,12567,14,44247.28,1,1,1
3107,9889,11,80374.36,1,0,0
5668,22570,15,49375.26,1,1,1
6571,14056,18,36654.55,1,1,1
5368,15454,23,83473.61,0,0,1
5550,27282,11,52310.49,1,1,1
9582,10279,21,87224.95,0,0,1
4532,8706,19,78725.75,0,0,1
107,16712,22,38245.75,1,1,1
8116,16070,11,107675.7,1,1,1
8384,14089,20,67054.25,1,0,0
2135,11756,24,77527.6,0,0,1
8174,18555,12,95011.28,0,0,1
7786,14152,20,91002.81,0,0,1
4322,23250,23,82363.38,1,0,0
4758,14963,17,107302.73,1,1,1
5089,18869,20,62213.6,0,0,1
3662,12356,18,60663.59,0,1,0
6636,9888,23,39872.69,1,1,1
5349,15774,15,58618.77,1,1,1
4314,18927,17,81021.65,0,0,1
6504,9981,19,78184.36,1,0,0
7583,8944,21,86564.11,1,0,0
2942,9876,21,66531.56,1,0,0
7680,9060,21,61793.89,0,1,0
6954,15941,20,23267.53,1,1,1
4649,22125,12,95325.01,0,0,1
2639,11553,20,71291.38,1,0,0
3122,9315,15,42836.57,1,1,1
565,16604,17,68765.21,0,0,1
7542,11876,24,33249.81,1,1,1
3108,7510,23,34632.88,1,1,1
9834,18322,9,40917.46,1,1,1
6311,7269,18,63695.98,1,1,1
8889,13122,18,87667.46,0,0,1
9062,8001,17,91119.76,1,0,0
6658,13927,15,72197.78,1,0,0
4046,5443,13,74702.99,0,0,1
632,13286,23,68798.47,0,0,1
8641,10086,11,47091.68,1,1,1
2431,23249,20,75499.65,0,0,1
7300,9260,13,37972.6,1,1,1
577,8277,15,86895.79,0,0,1
1849,16081,14,41025.82,1,1,1
9406,12064,24,80081.02,0,0,1
1339,7848,19,66631.71,1,0,0
7165,15047,16,102015.69,0,0,1
1716,13407,11,75252.53,0,0,1
3106,12155,18,109195.1,0,1,0
6077,7635,13,65631.66,0,1,0
7991,17146,19,47589.17,1,1,1
4360,12950,18,40109.75,1,1,1
3545,10383,23,31338.13,1,1,1
4644,12213,21,83440.29,0,0,1
3453,14677,14,52399.25,1,1,1
3154,10583,17,91909.01,0,0,1
6461,19685,11,64240.22,0,0,1
4662,8341,21,84013.4,0,0,1
4619,24950,15,112620.29,1,1,1
1085,24380,24,99764.22,0,0,1
424,21031,11,83224.59,0,0,1
5238,11322,18,48178.23,1,1,1
1906,16524,23,87212.84,0,0,1
6578,14226,9,104931.65,1,1,1
7037,19212,20,53562.44,1,1,1
670,12123,22,43966.31,1,1,1
5149,15114,10,102865.41,0,0,1
1426,17583,22,89910.65,0,0,1
2218,9366,16,35610.36,1,1,1
8707,11029,17,77209.72,0,0,1
3726,15978,23,17614.08,1,1,1
7470,14364,24,16179.16,1,1,1
7323,14116,18,36717.87,1,1,1
8701,19339,22,58348.05,1,1,1
8099,24083,23,60394.48,0,0,1
2725,12930,15,19346.96,1,1,1
392,27768,14,70160.04,0,0,1
5250,12873,24,61680.03,1,1,1
741,25337,24,60151.71,0,0,1
8381,31750,13,69070.78,0,0,1
5036,15519,23,48826.04,1,1,1
961,16802,20,97417.17,0,0,1
386,8566,16,51786.94,1,1,1
8263,21228,20,54844.78,1,1,1
7309,21201,24,56080.12,1,1,1
6839,6661,24,22724.99,1,1,1
8586,19402,15,32412.76,1,1,1
1514,9470,24,23222.48,1,1,1
7050,23675,8,58944.38,1,0,0
8570,11792,19,79410.02,0,0,1
380,16998,21,100109.51,1,0,0
3506,14024,18,69676.74,1,0,0
6555,16217,22,62281.67,0,0,1
4177,11334,23,64875.21,0,0,1
5176,20482,15,49682.94,1,1,1
8081,9598,16,58948.69,1,1,1
8546,31508,19,27652.51,1,1,1
9577,28926,24,26721.89,1,1,1
6497,10154,12,105798.05,1,1,1
4110,7539,23,72998.37,1,0,0
1780,14665,21,20658.77,1,1,1
9286,17632,23,55297.94,1,1,1
4292,14716,5,51809.98,0,1,0
8634,8397,10,42773.85,1,1,1
8704,12305,24,70720.16,0,0,1
4159,18291,14,81859.61,0,0,1
5120,21328,21,32678.3,1,1,1
441,7683,14,98412.88,0,0,1
6481,10835,21,61226.6,1,1,1
3665,21138,20,41878.72,1,1,1
9541,13289,18,47530.96,1,1,1
2847,11625,22,56382.03,0,1,0
9178,21140,22,42566.3,1,1,1
7875,13395,15,55590.78,1,1,1
4641,15636,20,55682.12,1,1,1
4310,16648,21,38230.04,1,1,1
4829,18767,20,48890.9,1,1,1
9233,10880,23,64722.36,0,0,1
6709,12842,14,69766.48,0,0,1
1247,8826,20,48848.27,1,1,1
6353,9649,19,15243.85,1,1,1
6052,15555,23,32450.45,1,1,1
6955,11873,20,56019.02,1,1,1
8089,13408,7,71991.81,0,0,1
5235,9615,22,41841.7,1,1,1
9771,10735,18,73726.7,1,0,0
6736,19482,23,25815.51,1,1,1
805,11917,23,76833.14,0,0,1
1135,17122,24,90925.41,0,0,1
579,14146,15,60301.19,0,1,0
3832,17014,22,47890.63,1,1,1
8247,8208,19,80582.02,1,0,0
6029,10712,9,85672.16,1,0,0
5434,6918,21,46222.01,1,1,1
7372,7272,7,83422.31,0,0,1
2437,11644,18,69626.78,0,0,1
547,8196,19,60177.16,0,1,0
2164,20785,16,37973.8,1,1,1
1986,13444,22,27203.61,1,1,1
5026,22608,14,76680.19,0,0,1
6946,19239,17,22031.36,1,1,1
1828,10857,19,60891.44,1,1,1
2840,13549,21,45464.93,1,1,1
2208,12293,16,43827.21,1,1,1
8440,9929,10,72458.38,1,0,0
3793,8030,23,88550.62,0,0,1
8106,33474,21,42711.95,1,1,1
5885,25517,21,30933.88,1,1,1
2749,17337,22,57760.91,1,1,1
7485,14227,24,27209.42,1,1,1
9150,14352,21,68821.25,1,0,0
3200,12564,18,97863.74,1,0,0
20,20400,8,37384.17,1,1,1
9153,19969,7,40172.19,0,1,0
4095,25031,16,30676.07,1,1,1
9651,6096,18,112985.21,1,1,1
5609,20223,11,60230.8,0,0,1
2820,9205,24,106275.82,1,1,1
5971,11361,13,96991.27,0,0,1
963,9183,21,42187.07,0,1,0
8281,14924,10,98856.7,0,0,1
7496,17407,19,59065.97,1,1,1
4394,11299,21,23344.15,1,1,1
8414,12256,15,38841.48,1,1,1
2906,15041,23,30412.59,1,1,1
7219,16112,18,45588.28,1,1,1
9583,6689,15,91376.74,0,0,1
6573,14198,10,82819.96,1,0,0
7855,20994,16,26917.29,1,1,1
1493,10446,22,100001.14,1,0,0
2393,21985,24,62553.69,0,0,1
5164,11518,6,57554.63,1,1,1
2489,16525,14,31013.71,1,1,1
500,21530,19,35149.84,1,1,1
1539,10959,11,30112.99,1,1,1
2633,9379,17,96534.04,0,0,1
2559,16413,18,35977.75,1,1,1
9146,16440,21,78642.31,0,0,1
8172,18807,17,42968.65,1,1,1
7158,10656,17,85771.64,0,0,1
7575,23056,19,50591.75,1,1,1
5398,8264,21,93853.31,0,0,1
1937,18981,16,87553.07,0,0,1
7427,17258,13,89831.58,0,0,1
5251,20241,19,35415.88,1,1,1
5438,21734,23,60218.26,1,0,0
8006,14790,22,73044.12,0,0,1
7772,12280,21,75526.23,1,0,0
7273,21842,15,37182.67,1,1,1
6034,8418,24,21719.5,1,1,1
7216,8631,21,72408.91,1,0,0
9331,10560,21,65129.07,1,0,0
7909,14011,12,108303.86,1,1,1
841,19376,18,97741.64,0,0,1
2193,8554,7,58341.43,1,1,1
7669,17955,16,45816.73,1,1,1
1870,7203,13,38452.54,1,1,1
9341,14489,22,49113.53,1,1,1
7748,22926,23,25653.68,1,1,1
5826,15914,22,66079.3,0,0,1
6478,15957,24,20513.27,1,1,1
771,10937,22,80450.28,0,0,1
7268,12133,19,44095.43,0,1,0
7533,13768,15,39345.1,1,1,1
832,10154,11,57027.85,1,1,1
3861,10320,19,30207.91,1,1,1
2696,12284,17,73783.74,0,0,1
5270,15950,20,80403.15,0,0,1
8687,16289,20,72703.68,0,0,1
3171,11179,23,12537.81,1,1,1
7014,17232,17,88731.36,0,0,1
6583,12247,18,25358.06,1,1,1
8138,14946,15,78668.52,0,0,1
5658,13697,7,104231.33,1,1,1
6617,16804,21,54560.02,1,1,1
7444,11832,20,55781.26,1,1,1
9564,12620,23,83195.46,0,0,1
3372,9070,22,65658.37,1,0,0
6735,18638,22,45523.42,1,1,1
4883,8221,11,47526.44,1,1,1
7352,6886,24,47934.93,0,1,0
6937,13926,21,44714.27,1,1,1
4909,12470,21,80126.04,1,0,0
2607,12051,23,19067.67,1,1,1
8978,15051,16,70596.37,0,0,1
8259,9120,10,79281.48,0,0,1
3334,25428,11,68319.45,0,0,1
5179,14016,17,79547.66,1,0,0
9174,13563,20,73207.2,0,0,1
6164,9773,13,51722.37,1,1,1
6075,10422,14,46379.47,1,1,1
3698,19424,17,68887.32,0,0,1
3401,20243,9,55376.97,1,1,1
5797,12026,24,50074.14,1,1,1
1779,15493,19,33263.99,1,1,1
6093,8367,23,73372.02,1,0,0
1180,10722,22,83561.14,0,0,1
7883,20094,24,53909.67,1,1,1
1583,15608,23,74884.92,0,0,1
7995,12097,8,42307.87,1,1,1
1045,10512,23,63750.99,0,1,0
4019,11545,24,51144.89,1,1,1
1567,11365,16,52228.68,0,1,0
3718,11632,20,79492.83,1,0,0
7546,8665,13,64920.41,1,1,1
5329,15634,20,60819.4,0,1,0
9951,7131,24,62131.33,1,1,1
6956,12327,15,94804.13,1,0,0
3182,11833,10,54240.08,1,1,1
4655,14316,16,36348.06,1,1,1
5779,9591,14,72893.46,1,0,0
7968,15372,19,45764.9,0,1,0
4036,10964,16,31094.76,1,1,1
2744,9528,15,39437.61,1,1,1
8895,5991,15,66867.53,1,1,1
7305,8229,18,82040.26,0,0,1
2634,16342,10,111564.83,1,1,1
4748,8707,22,83987.7,1,0,0
6250,14762,15,55333.04,1,1,1
6043,16109,20,83100.6,0,0,1
6907,11078,16,92062.22,0,0,1
1770,13121,10,82659.77,0,0,1
1877,9586,19,48843.88,1,1,1
412,12670,20,53840.35,1,1,1
9330,11949,17,75477.1,0,0,1
914,12184,23,57166.83,1,1,1
9757,11061,21,91290.62,1,0,0
7780,18735,23,26612.05,1,1,1
2467,12824,16,113468.26,1,1,1
7681,9649,11,72883.76,1,0,0
3060,10400,23,93061.48,1,0,0
3863,14457,20,99643.8,1,0,0
429,12051,18,55874.91,1,1,1
1138,12622,19,78153.71,0,0,1
1522,11932,20,80151.25,0,0,1
8739,13132,23,38937.72,1,1,1
6752,16706,21,40406.97,0,1,0
3941,6550,5,81980.62,1,0,0
2532,17152,19,100792.51,1,0,0
5049,11340,16,72851.61,0,0,1
3213,12424,22,19414.08,1,1,1
6722,21375,21,41547.57,1,1,1
4186,17524,18,90313.27,0,0,1
1332,13455,20,25651.72,1,1,1
7865,13464,17,92120.57,0,0,1
432,15790,14,55401.34,1,1,1
4024,10775,24,76299.72,0,0,1
3061,12493,14,64756.86,1,0,0
1526,15861,10,107340.7,0,1,0
596,23919,17,44378.87,1,1,1
2383,6286,20,50002.6,1,1,1
9332,14394,5,111362.22,1,1,1
2037,6764,22,79199.15,0,0,1
97,13791,20,75285.5,1,0,0
7182,23795,17,43699.76,1,1,1
3995,18482,20,56766.69,1,1,1
7636,10476,14,88344.49,0,0,1
8086,15674,6,105169.43,1,1,1
5387,8434,13,99426.38,0,0,1
6370,12969,16,107004.95,1,1,1
5337,12840,24,92304.58,0,0,1
2615,13676,10,77837.98,0,0,1
3011,13700,22,56814.68,1,1,1
5842,11752,13,37291.24,1,1,1
3831,5419,23,72189.94,1,0,0
2342,24271,15,41163.58,0,1,0
9458,11049,21,105994.83,1,1,1
8020,6838,19,111296.02,1,1,1
4444,18528,18,61794.94,0,0,1
6707,12666,20,78756.81,1,0,0
7620,13633,24,65629.49,0,0,1
6372,18342,15,106801.47,1,1,1
8033,19174,23,43917.57,1,1,1
8127,8449,20,45033.86,1,1,1
4148,11005,19,79948.35,1,0,0
2746,22950,21,89756.59,0,0,1
6522,16908,24,96628.69,0,0,1
7646,15473,13,85557.73,1,0,0
5315,17656,19,77937.01,0,0,1
8114,12962,24,53874.7,1,1,1
4047,10246,18,41648.07,1,1,1
8055,11175,22,76394.06,0,0,1
9249,10909,18,93137.56,0,0,1
828,17942,13,29868.87,1,1,1
5676,13056,17,99381.45,0,0,1
2191,18902,8,80677.06,1,0,0
2315,12867,19,55983.78,1,1,1
4741,19951,13,106444.97,1,1,1
4446,13346,19,80147.37,0,0,1
5561,11751,14,31662.03,1,1,1
3636,12820,22,81969.77,1,0,0
1772,12724,24,54426.12,1,1,1
132,16234,10,41923.42,1,1,1
756,13185,20,83821.74,1,0,0
3696,12602,15,71531.74,0,0,1
4850,15743,14,70507.83,0,0,1
59,21616,14,46776.67,1,1,1
6045,16887,22,59306.93,1,1,1
2909,9268,19,93011.77,1,0,0
2363,10201,19,41608.08,1,1,1
7537,9443,21,109896.5,1,1,1
8952,17279,20,115416.64,1,1,1
5352,10348,21,82858.58,1,0,0
9364,23154,15,96450.5,0,0,1
5522,12334,24,39482.84,1,1,1
9513,10806,12,68236.73,0,0,1
1330,11092,24,55592.36,1,1,1
7929,13203,24,64177.92,0,0,1
4993,11075,23,24542.97,1,1,1
1059,16162,19,79544.84,0,0,1
908,10820,15,76870.85,0,0,1
9290,26914,20,84254.07,0,0,1
5664,13685,23,77024.82,0,0,1
7958,16851,7,96269.31,0,0,1
4995,9719,10,41121.23,1,1,1
5656,12267,19,89060.24,1,0,0
8496,10616,18,35179.06,1,1,1
9214,11672,21,85278.42,1,0,0
9877,11337,20,82842.09,0,0,1
1228,12143,15,102146.56,0,1,0
1637,12826,18,58261.05,1,1,1
9674,10094,8,61607.15,0,1,0
433,5778,17,65761.48,0,1,0
3332,10259,20,24222.58,1,1,1
7807,13147,8,109837.58,1,1,1
6714,15526,15,46880.0,1,1,1
7421,9298,22,61929.95,0,1,0
9533,22669,23,46118.15,0,1,0
7135,17740,20,15996.42,1,1,1
3380,12789,22,59837.43,0,1,0
2448,20271,10,107343.23,1,1,1
6963,15354,13,97814.01,0,0,1
1107,11444,24,73752.64,1,0,0
8501,13431,20,117039.9,1,1,1
7088,12228,22,35701.4,1,1,1
3224,14360,24,25560.74,1,1,1
521,6420,12,44250.73,1,1,1
4383,8674,24,51706.25,0,1,0
3547,9067,17,34127.99,1,1,1
6612,16714,21,45654.68,1,1,1
2141,8880,23,109257.03,0,1,0
254,14597,16,85914.82,0,0,1
7234,4771,15,108083.24,0,1,0
6035,8729,21,70601.13,1,0,0
928,27865,12,51258.26,1,1,1
4386,7476,20,38678.13,1,1,1
4203,7462,17,52898.98,1,1,1
4726,22808,24,25685.43,1,1,1
9199,17999,6,88703.99,0,0,1
7509,9254,12,116479.68,1,1,1
1196,17825,17,57706.18,0,1,0
3216,11900,21,38023.68,1,1,1
4211,13516,15,90073.16,0,0,1
2743,9432,9,45419.71,1,1,1
7820,21198,24,62705.78,0,0,1
2257,10237,8,107547.97,0,1,0
5975,10650,9,37251.7,1,1,1
2275,13295,13,84120.36,1,0,0
9978,11693,23,52884.76,1,1,1
7082,22981,18,57728.04,0,0,1
3942,14068,13,55758.38,0,1,0
5769,9742,12,65918.74,1,0,0
688,5945,18,54789.0,1,1,1
3057,11594,16,61179.96,0,1,0
8838,11245,24,89608.22,0,0,1
8887,17044,17,96929.39,0,0,1
8875,11558,21,49015.01,1,1,1
4632,20616,18,103574.73,1,0,0
8602,13256,23,11544.29,1,1,1
4697,12396,19,53386.58,1,1,1
4897,8173,18,78374.06,1,0,0
2025,6898,14,37362.07,1,1,1
3413,24746,17,62211.71,1,0,0
2626,13198,13,38713.98,1,1,1
9430,12907,9,35886.33,1,1,1
9733,16587,10,83328.4,0,0,1
3985,19476,15,86470.11,0,0,1
4679,15877,9,46271.36,1,1,1
3627,13150,13,102350.45,0,1,0
3031,12310,22,58320.53,1,1,1
8369,10579,12,60496.16,0,1,0
4974,14288,15,103586.52,1,1,1
1956,17030,13,56333.34,0,1,0
1926,8904,17,41671.69,1,1,1
2584,16036,15,24255.39,1,1,1
6296,8790,22,99619.68,0,0,1
9389,14057,12,101511.69,0,0,1
8983,9994,13,26850.29,1,1,1
1893,16694,23,51631.82,1,1,1
7322,9229,18,55678.17,1,1,1
865,23598,21,70733.72,0,0,1
4246,14231,21,75915.09,0,0,1
7622,17793,16,66739.93,0,0,1
1171,8617,24,56252.01,1,1,1
3275,18954,18,58191.63,1,1,1
7077,21972,11,97920.73,0,0,1
3024,7353,21,33791.03,1,1,1
566,13961,12,60557.45,1,1,1
6377,14664,19,99155.67,1,0,0
2879,16953,19,101274.29,0,0,1
9256,9100,20,97943.25,1,0,0
3219,4684,16,50590.07,1,1,1
4862,7233,14,94477.28,0,0,1
3078,8698,17,32492.72,1,1,1
1498,21117,17,68659.54,0,0,1
1178,18755,24,68809.44,0,0,1
5845,30600,16,99958.32,0,0,1
7474,18600,19,83932.93,0,0,1
8248,12236,14,55590.65,1,1,1
2158,10314,10,82596.02,1,0,0
9246,13854,20,92421.91,0,0,1
4543,8257,14,28815.41,1,1,1
1224,9145,10,47869.11,1,1,1
9712,12182,20,36054.61,1,1,1
5850,13228,15,43705.05,1,1,1
7449,10301,18,33557.53,1,1,1
6050,10372,24,105435.67,1,1,1
9414,17867,18,61206.83,0,0,1
3158,9717,19,70548.61,0,0,1
6230,16725,11,112607.71,1,1,1
9103,17822,24,76741.78,0,0,1
8487,5356,21,52849.41,1,1,1
7419,10767,22,28111.27,1,1,1
6300,12030,22,18979.73,1,1,1
9189,17639,14,85719.19,0,0,1
186,13733,14,97198.21,0,0,1
1614,13449,24,24210.86,1,1,1
1169,13415,8,55315.98,1,1,1
6364,15531,14,90160.7,0,0,1
4278,7836,15,96451.27,1,0,0
4350,9443,16,68566.21,0,0,1
8423,16344,15,52331.31,0,1,0
251,25915,15,79025.54,0,0,1
9212,9100,22,76201.69,0,0,1
6630,15412,20,82967.26,0,0,1
6385,5543,24,35276.49,1,1,1
5425,20797,17,90327.55,0,0,1
1240,11293,17,87399.62,1,0,0
6398,14117,19,89674.8,0,0,1
4700,25046,8,67598.62,0,0,1
174,7653,10,105354.79,0,1,0
1054,7260,16,42258.54,1,1,1
5879,14908,15,61122.51,1,1,1
3488,9322,17,104775.95,1,1,1
8296,7897,23,64528.13,1,1,1
3069,7322,10,51997.85,1,1,1
7666,15231,22,71150.16,0,0,1
368,19801,15,95451.76,0,0,1
4604,9752,20,105825.0,0,1,0
5873,11529,23,19561.66,1,1,1
4073,13143,10,54004.01,1,1,1
2652,10595,19,113696.35,1,1,1
3398,11792,15,57536.71,1,1,1
3973,9137,20,55371.63,0,1,0
4716,22332,24,42426.24,0,1,0
6190,13673,21,31177.74,1,1,1
3926,20208,12,81966.6,0,0,1
408,13489,15,52934.42,1,1,1
6496,13010,11,95820.1,0,0,1
833,15923,24,47064.3,1,1,1
3436,14171,24,38278.43,1,1,1
7679,9723,24,59053.69,1,1,1
3611,10109,19,83709.84,1,0,0
8005,14329,23,92047.21,0,0,1
8814,11191,12,32824.29,1,1,1
6095,17416,19,69114.17,0,0,1
2059,9915,11,79400.66,1,0,0
5324,6734,15,43795.08,0,1,0
7070,10105,6,85284.05,1,0,0
321,8745,10,106744.63,0,1,0
860,14595,14,71977.33,0,0,1
62,9047,24,54196.09,1,1,1
4881,9091,24,55464.39,1,1,1
3675,24971,21,25269.07,1,1,1
5393,12887,20,96430.88,0,0,1
9302,18433,19,45156.81,1,1,1
4514,20734,10,78897.37,0,0,1
4454,7356,20,61622.12,0,1,0
3090,11643,24,89900.67,0,0,1
243,10899,20,95342.37,0,0,1
5855,22842,24,28955.39,1,1,1
8029,15257,24,95493.13,0,0,1
678,22539,11,80135.94,0,0,1
4307,15212,13,67529.1,0,0,1
7130,15418,14,90132.95,0,0,1
1705,10124,22,98678.26,0,0,1
2440,14683,23,20496.4,1,1,1
6911,16074,18,61499.87,0,0,1
3725,25928,14,73782.03,0,0,1
5684,14685,19,67356.05,1,0,0
4589,18232,13,100605.91,1,0,0
4023,21574,16,110628.44,0,1,0
5917,11424,22,27598.09,1,1,1
6100,19294,6,70087.82,0,0,1
870,11252,14,86716.05,1,0,0
5890,16641,13,65476.51,0,0,1
9650,12919,11,75206.11,0,0,1
2402,11446,15,53881.91,1,1,1
9930,8106,24,54492.58,1,1,1
567,12600,20,52459.5,1,1,1
9220,7021,24,43670.5,1,1,1
25,14568,20,55734.53,1,1,1
8904,5997,16,44107.56,0,1,0
9857,9285,24,46494.11,0,1,0
4509,18026,16,91644.82,0,0,1
5737,14455,12,35015.25,1,1,1
9456,16219,9,53194.61,1,1,1
7314,15084,18,51976.31,0,1,0
7761,7798,14,93763.92,0,0,1
8375,11363,23,89264.14,0,0,1
791,13146,17,48875.07,0,1,0
1754,8710,13,82609.51,0,0,1
4042,19139,20,73628.52,0,0,1
6898,13205,14,71954.39,0,0,1
7597,8009,21,47527.45,1,1,1
5738,10462,16,61645.21,0,1,0
7396,16384,22,85612.1,0,0,1
7033,27307,17,63044.96,0,0,1
6221,13624,20,36402.05,1,1,1
1932,16004,23,50423.86,1,1,1
5645,13186,21,64465.44,0,0,1
8678,17820,22,52624.17,1,1,1
6240,4894,17,38380.53,1,1,1
1858,9840,24,65831.27,0,0,1
5020,12965,11,57260.59,1,1,1
9853,16600,21,86145.8,0,0,1
2748,9462,14,97281.91,1,0,0
3839,15918,13,33715.41,1,1,1
2605,15157,23,30415.94,1,1,1
8425,19083,23,41534.81,1,1,1
7460,7755,17,50059.05,0,1,0
3885,9435,17,76962.87,1,0,0
7468,14513,19,75976.47,0,0,1
110,11269,15,96028.69,0,0,1
252,15216,15,49590.78,0,1,0
2864,13674,11,117082.71,1,1,1
8494,16838,15,80862.65,0,0,1
3232,9682,21,48878.57,1,1,1
8229,15354,24,58219.51,1,1,1
7358,22126,18,42569.37,1,1,1
751,19443,22,65749.97,0,0,1
1658,24736,8,34340.72,1,1,1
7393,12422,17,37089.21,1,1,1
2459,18448,15,52448.98,1,1,1
7451,13178,24,45465.86,1,1,1
8201,12655,12,61630.38,0,1,0
7978,10025,9,67639.45,1,0,0
8185,14124,19,53515.79,1,1,1
2204,10466,23,84118.46,0,0,1
8844,14349,20,61806.56,1,0,0
710,7061,11,65982.96,1,1,1
5045,18950,8,111897.98,0,1,0
7655,7779,23,48704.47,1,1,1
9450,12298,12,76441.3,0,0,1
262,8779,23,30481.01,1,1,1
6643,10229,22,53696.66,1,1,1
7307,20907,13,66590.71,0,0,1
3419,18449,17,82464.01,0,0,1
8709,24217,15,93187.98,0,0,1
5397,10453,6,83548.72,0,0,1
135,12268,9,39284.89,1,1,1
9696,16446,14,63632.62,0,0,1
5249,14695,16,50623.63,1,1,1
3181,19226,19,51186.58,0,1,0
8366,13302,19,24349.84,1,1,1
591,11670,13,99430.17,1,0,0
7351,17255,12,54126.19,1,1,1
9570,13191,22,15737.15,1,1,1
2542,9983,23,10486.43,1,1,1
7337,12538,16,68236.0,1,0,0
9060,8274,23,101409.77,1,1,1
3384,10023,23,64693.86,0,0,1
636,10159,21,51221.41,1,1,1
8194,11264,19,95278.85,0,0,1
442,23892,21,80541.59,0,0,1
6572,12799,12,74151.11,0,0,1
752,13904,20,57209.28,0,1,0
1853,13053,23,54176.68,1,1,1
3408,7462,18,73209.89,1,0,0
8200,13646,22,88555.52,0,0,1
6900,12403,22,22273.66,1,1,1
729,12244,23,48880.96,1,1,1
434,6720,23,27817.54,1,1,1
2760,13462,11,29815.96,1,1,1
1202,12718,19,14530.12,1,1,1
2058,19297,16,73257.92,0,0,1
7799,10768,20,91800.03,0,0,1
8735,12092,19,47014.55,1,1,1
5135,9241,8,79556.77,1,0,0
5190,13592,17,82615.02,1,0,0
3596,6961,23,73871.02,0,0,1
532,13750,23,16907.72,1,1,1
3326,11897,21,31829.49,1,1,1
589,37394,9,64190.79,0,0,1
3531,19121,23,45334.86,1,1,1
6066,23011,23,69608.68,0,0,1
978,20580,13,96230.76,0,0,1
6151,15915,21,96528.71,0,0,1
583,17746,19,86046.63,0,0,1
8672,8003,24,67078.43,0,0,1
586,11994,14,75998.38,0,0,1
8761,12845,15,70295.75,1,0,0
4455,9457,14,108860.46,0,1,0
8715,7766,22,108645.31,1,1,1
8320,19286,14,103990.56,1,0,0
94,12453,11,73901.01,0,0,1
6432,18156,24,66723.31,0,0,1
3164,11757,13,67309.3,1,0,0
119,18211,11,95838.99,0,0,1
3799,38023,17,70268.73,0,0,1
4535,13709,24,42198.65,0,1,0
6220,20516,9,106194.47,0,1,0
2169,10825,23,69749.41,0,0,1
4681,22920,24,82677.29,0,0,1
9019,21396,21,63803.58,0,0,1
2282,16610,23,57232.71,1,1,1
1987,10061,21,45955.15,1,1,1
437,11680,12,40400.53,1,1,1
4811,8093,16,109447.67,1,1,1
9157,9504,22,76207.24,1,0,0
1444,15741,24,72839.93,0,0,1
1281,6058,9,44277.78,1,1,1
6953,12724,8,98623.49,0,0,1
7954,15863,16,40217.43,1,1,1
5480,21432,18,55543.87,1,1,1
2277,26578,17,96015.13,0,0,1
3821,30457,24,84959.36,0,0,1
6846,17725,17,85173.95,0,0,1
8946,9475,21,68173.85,0,0,1
9180,11870,21,70876.24,0,0,1
1236,8473,10,99951.35,0,0,1
3043,13089,12,51509.94,1,1,1
8143,15051,16,77957.84,1,0,0
7557,12212,20,50836.95,1,1,1
3211,10424,20,42446.97,1,1,1
103,12248,10,43390.38,1,1,1
1760,11994,24,51284.04,1,1,1
8614,10233,20,98937.16,1,0,0
2982,10978,16,45019.34,0,1,0
6873,14039,12,78190.52,1,0,0
3530,20315,23,62130.49,0,0,1
3038,8832,12,98873.46,1,0,0
755,18188,12,50935.23,0,1,0
9561,21204,16,52863.35,1,1,1
8816,15552,10,32087.27,1,1,1
1702,15788,20,44296.13,1,1,1
7412,23771,17,93563.0,0,0,1
9079,20732,20,58603.15,1,0,0
7194,17269,22,61807.94,0,0,1
6930,14906,11,114013.96,0,1,0
1679,18606,24,22596.87,1,1,1
7973,23770,16,47109.53,1,1,1
8599,18110,6,85200.95,0,0,1
6265,12990,19,62142.9,1,1,1
7304,24334,23,75965.02,0,0,1
3333,19974,20,10908.14,1,1,1
3744,12679,24,52800.12,1,1,1
6713,14375,24,104096.85,0,1,0
6155,11593,18,73728.18,0,0,1
7039,22487,10,54386.99,0,1,0
9749,8686,17,65151.76,0,1,0
1411,10053,14,96918.87,0,0,1
9025,19057,15,51808.58,1,1,1
2321,24214,23,69811.86,0,0,1
6974,12653,23,49526.84,1,1,1
1794,10858,9,104462.05,1,1,1
8787,13663,23,68320.56,0,0,1
4969,30684,22,92077.75,0,0,1
8156,11034,22,94157.57,0,0,1
4235,8017,14,64595.11,0,1,0
6777,24586,24,31646.59,1,1,1
4751,9493,24,101950.39,1,1,1
1176,13019,21,82852.26,0,0,1
8382,21252,17,103482.53,1,0,0
6491,18605,22,43234.69,1,1,1
3625,14387,22,39023.13,1,1,1
4874,16060,22,30833.73,1,1,1
6092,23594,18,67992.29,0,0,1
267,13564,7,48616.33,1,1,1
1007,9952,11,44969.24,1,1,1
2069,22299,20,65568.22,0,0,1
3012,8863,15,67538.57,1,0,0
2390,15917,18,57949.7,0,1,0
1674,17280,10,90131.41,0,0,1
3236,5899,20,36881.21,1,1,1
5634,14653,14,42090.21,1,1,1
6458,9141,8,88633.59,1,0,0
